mol_name,angle_idx,th0_true,ka_true,th0_pred_hybrid,ka_pred_hybrid,bc_hybrid,w1_deg_hybrid,kl_kbt_hybrid,family
CHOL,0,98.99999237060547,250.0,116.3725357055664,135.6724395751953,0.4462923406259044,16.940810543261296,2.5038570009234635,"Steroids, Sugars & Fused Rings"
SM067,0,125.29998779296875,56.79999923706055,89.34840393066406,108.14068603515625,0.24343892082753996,34.15505648077991,8.00078958304659,Small Metabolites & Aromatics
SM067,1,148.39999389648438,72.0999984741211,121.81616973876953,70.95040130615234,0.48799976366341524,24.61752673688916,2.804267512654012,Small Metabolites & Aromatics
SOS1,0,117.99999237060547,15.0,122.47994232177734,15.071003913879395,0.9963313446107499,3.5485677530525557,0.014773799177062084,Lipids & Surfactants
SOS1,1,99.99999237060547,25.0,101.13986206054688,25.17025375366211,0.9995451490825238,1.0297979421419234,0.001825553345393853,Lipids & Surfactants
SOS1,2,99.99999237060547,25.0,101.27694702148438,25.156509399414062,0.9994317146927919,1.1521474973745545,0.002280442942211882,Lipids & Surfactants
SOS1,3,154.99998474121094,25.0,159.80545043945312,24.85833740234375,0.9945837859723113,3.0195153498813427,0.021945235856711855,Lipids & Surfactants
SOS1,4,139.99998474121094,15.0,148.48924255371094,15.25330924987793,0.9883202721043598,5.822535199134519,0.0479047901697449,Lipids & Surfactants
SOS1,5,180.0,35.0,179.4755859375,35.134971618652344,0.9999563690899259,0.18464153874991204,0.00017430692156280414,Lipids & Surfactants
SOS1,6,180.0,35.0,179.58480834960938,35.1226692199707,0.9999742114424686,0.14176389962537125,0.00010306490874416176,Lipids & Surfactants
SOS1,7,120.0,35.0,120.8416519165039,34.81282424926758,0.9996688482120358,0.7479474373493836,0.0013220820876543673,Lipids & Surfactants
SOS1,8,180.0,35.0,179.40386962890625,34.91542434692383,0.9999054407648635,0.27275636012248355,0.00037697867658321196,Lipids & Surfactants
DEAP,0,139.99998474121094,15.0,141.1226043701172,14.865251541137695,0.9998398626776828,0.6906604769322344,0.0006398395773749546,Lipids & Surfactants
DEAP,1,120.0,35.0,103.40760803222656,26.77573013305664,0.8807899197350014,15.50740037123244,0.45228669246839753,Lipids & Surfactants
DEAP,2,99.99999237060547,25.0,99.32742309570312,25.742036819458008,0.9998142321937377,0.5771189774730563,0.0007519886378794232,Lipids & Surfactants
DEAP,3,99.99999237060547,25.0,103.40760803222656,26.77573013305664,0.9954388259238429,3.1432928787406493,0.018861989866101117,Lipids & Surfactants
DEAP,4,154.99998474121094,25.0,159.68191528320312,24.963817596435547,0.9947105581026288,2.983004936422432,0.021452888463194934,Lipids & Surfactants
DEAP,5,154.99998474121094,25.0,159.68191528320312,24.963817596435547,0.9947105581026288,2.983004936422432,0.021452888463194934,Lipids & Surfactants
DEAP,6,180.0,35.0,179.4359893798828,34.83632278442383,0.9999001829845875,0.2801069031258584,0.00039772812226521886,Lipids & Surfactants
DEAP,7,120.0,35.0,121.34284210205078,34.85529708862305,0.9991451244166111,1.2032525797709035,0.00341633303796241,Lipids & Surfactants
DEAP,8,180.0,35.0,179.38113403320312,35.016448974609375,0.9999168299947673,0.2557384509246537,0.00033181800515405026,Lipids & Surfactants
DEAP,9,180.0,35.0,179.4359893798828,34.83632278442383,0.9999001829845875,0.2801069031258584,0.00039772812226521886,Lipids & Surfactants
DEAP,10,120.0,35.0,121.34284210205078,34.85529708862305,0.9991451244166111,1.2032525797709035,0.00341633303796241,Lipids & Surfactants
DEAP,11,180.0,35.0,179.38113403320312,35.016448974609375,0.9999168299947673,0.2557384509246537,0.00033181800515405026,Lipids & Surfactants
SM051,0,113.89999389648438,42.70000076293945,129.89468383789062,77.75733184814453,0.7800959545885959,15.941369067078586,1.3646146539109287,Small Metabolites & Aromatics
POL026,0,133.49998474121094,75.69999694824219,137.91119384765625,52.319061279296875,0.982627053785786,3.2458054243315497,0.06170304457044564,Polymers & Glycols
POL026,1,106.39999389648438,23.299999237060547,131.07940673828125,47.26523971557617,0.719421277944388,23.84896733773234,1.9065616569908586,Polymers & Glycols
POL026,2,95.0999984741211,108.9000015258789,131.2004852294922,51.788970947265625,0.2652496162576595,33.80194332568108,3.9703083376671207,Polymers & Glycols
POL026,3,101.49999237060547,49.0,126.91057586669922,60.745487213134766,0.5955017228294649,24.236859594264857,2.3147366028480985,Polymers & Glycols
POL026,4,103.5999984741211,52.29999923706055,124.62616729736328,49.9473991394043,0.7241960336976611,19.711464598735386,1.2670991029138272,Polymers & Glycols
POL026,5,94.19999694824219,69.5,131.1190948486328,55.630149841308594,0.297646117788867,34.827590557123564,4.397965350751018,Polymers & Glycols
POL026,6,94.0999984741211,99.0,125.84095764160156,53.72315216064453,0.359764916550958,29.922955758723905,3.1912941640253694,Polymers & Glycols
CART,0,113.49999237060547,6.4070000648498535,112.50802612304688,7.832754611968994,0.9990420463452658,1.3599239387502768,0.0039806250155312375,Small Metabolites & Aromatics
CNO,0,138.89598083496094,116.01499938964844,136.5252227783203,103.94230651855469,0.9891545842387572,2.4090109811335196,0.041468246186372966,Small Metabolites & Aromatics
CNO,1,135.36599731445312,101.58399963378906,144.22901916503906,93.92572021484375,0.8988684714327283,8.176162803362434,0.41289839425205865,Small Metabolites & Aromatics
CNO,2,77.01099395751953,52.81100082397461,115.70195007324219,54.023006439208984,0.31282256042319295,36.79345739647057,4.7006896958051625,Small Metabolites & Aromatics
CNO,3,110.60499572753906,57.23099899291992,116.93440246582031,64.03947448730469,0.9634469822366561,6.134399740199889,0.1574219235840965,Small Metabolites & Aromatics
DVAE,0,139.99998474121094,15.0,147.05078125,14.998648643493652,0.9924020640964539,4.7243050692711925,0.03084805230025991,Lipids & Surfactants
DVAE,1,120.0,35.0,103.5572509765625,27.162918090820312,0.8824805919621469,15.354156665823298,0.44791366145150513,Lipids & Surfactants
DVAE,2,99.99999237060547,25.0,101.09569549560547,25.663089752197266,0.9995255322830715,1.0115540021153544,0.0019204224215332057,Lipids & Surfactants
DVAE,3,99.99999237060547,25.0,103.5572509765625,27.162918090820312,0.9948694688623894,3.296536584149793,0.021358451506405557,Lipids & Surfactants
DVAE,4,154.99998474121094,25.0,159.78521728515625,24.963817596435547,0.9944785954263888,3.0466789977863846,0.0224023661022925,Lipids & Surfactants
DVAE,5,154.99998474121094,25.0,159.78521728515625,24.963817596435547,0.9944785954263888,3.0466789977863846,0.0224023661022925,Lipids & Surfactants
DVAE,6,180.0,35.0,179.44729614257812,34.91117858886719,0.9999169693884525,0.2555006322212523,0.00033106767546572767,Lipids & Surfactants
DVAE,7,120.0,35.0,119.25656127929688,34.69120788574219,0.9997133385902078,0.6937025486163583,0.0011419977443860277,Lipids & Surfactants
DVAE,8,180.0,35.0,179.44729614257812,34.91117858886719,0.9999169693884525,0.2555006322212523,0.00033106767546572767,Lipids & Surfactants
DVAE,9,120.0,35.0,119.25656127929688,34.69120788574219,0.9997133385902078,0.6937025486163583,0.0011419977443860277,Lipids & Surfactants
LIP089,0,128.59999084472656,90.4000015258789,109.31295013427734,52.637271881103516,0.6691140281749667,18.976511065440647,1.2851583629671073,Lipids & Surfactants
LIP089,1,148.59999084472656,54.599998474121094,116.09553527832031,59.22682571411133,0.43633572597178594,29.426762865986852,3.3651394898798705,Lipids & Surfactants
LIP089,2,138.09999084472656,60.599998474121094,110.02845001220703,55.395938873291016,0.517133321229871,26.384142611285164,2.5095625518798084,Lipids & Surfactants
LIP075,0,128.6999969482422,19.799999237060547,109.62380981445312,58.216007232666016,0.8487531022995963,14.352016783647793,1.0627512573627311,Lipids & Surfactants
LIP075,1,146.79998779296875,103.4000015258789,123.17797088623047,70.28924560546875,0.4873785116577273,22.83948589621694,2.4220465271571214,Lipids & Surfactants
LIP075,2,107.79999542236328,23.100000381469727,131.12684631347656,55.541683197021484,0.7148315822311563,23.066088055257453,2.1444088583387844,Lipids & Surfactants
LIP075,3,100.19999694824219,28.299999237060547,122.23360443115234,53.60068893432617,0.7407870716908675,21.26100523577565,1.677600489309509,Lipids & Surfactants
LIP075,4,97.39999389648438,69.4000015258789,122.98633575439453,75.37425994873047,0.49788851028130715,24.6231161233979,2.9102690347867224,Lipids & Surfactants
SODP,0,90.0,25.0,86.75961303710938,25.090076446533203,0.9963902021739524,2.917902678876268,0.014489127718927325,Lipids & Surfactants
SODP,1,90.0,25.0,83.69757080078125,24.41748809814453,0.9866355051841065,5.656017198448372,0.053270651520262904,Lipids & Surfactants
SODP,2,45.0,35.0,14.768645286560059,34.33824920654297,0.6972980246489321,22.488735651331794,1.5051043379103428,Lipids & Surfactants
SODP,3,180.0,35.0,177.40769958496094,34.180686950683594,0.9978072029718693,1.3373273470012659,0.008620946919504237,Lipids & Surfactants
SODP,4,180.0,35.0,177.53765869140625,34.665340423583984,0.9983700932642425,1.149135293352742,0.006436226819726752,Lipids & Surfactants
SODP,5,180.0,35.0,179.42288208007812,35.03553771972656,0.9999308751713937,0.23303512983277683,0.0002758755796403556,Lipids & Surfactants
SODP,6,180.0,35.0,179.58860778808594,35.12864685058594,0.9999753300596073,0.1385959679894127,9.860039597480423e-05,Lipids & Surfactants
SODP,7,120.0,35.0,120.95136260986328,34.81248474121094,0.999575735876249,0.8469673159724843,0.0016939582738074131,Lipids & Surfactants
SODP,8,180.0,35.0,179.41140747070312,35.016448974609375,0.9999249301756828,0.24291554548772096,0.0002995405179334942,Lipids & Surfactants
DSB1,0,169.99998474121094,35.0,170.9299774169922,34.50699996948242,0.9998621121706485,0.36685482292313937,0.0005513804423877925,Lipids & Surfactants
DSB1,1,120.0,35.0,122.58129119873047,35.13571548461914,0.9967582893218678,2.3395747270145915,0.013022789277584948,Lipids & Surfactants
DSB1,2,84.99999237060547,10.0,64.97834777832031,10.490757942199707,0.9533017925211922,15.073395767211132,0.19577918271126338,Lipids & Surfactants
DSB1,3,120.0,15.0,126.09129333496094,15.306077003479004,0.9930038646325473,4.854199758102442,0.028431409854529674,Lipids & Surfactants
DSB1,4,120.0,15.0,118.9782943725586,15.412904739379883,0.9998406977546647,0.6717207934699013,0.0006425246738052583,Lipids & Surfactants
DSB1,5,124.99999237060547,25.0,127.76455688476562,25.609296798706055,0.9972543646046664,2.4486184394575656,0.011129606825971168,Lipids & Surfactants
DSB1,6,154.99998474121094,25.0,160.20777893066406,25.05022621154785,0.9933434115090842,3.338474510611413,0.02708458535089812,Lipids & Surfactants
DSB1,7,154.99998474121094,25.0,160.20777893066406,25.05022621154785,0.9933434115090842,3.338474510611413,0.02708458535089812,Lipids & Surfactants
DSB1,8,180.0,35.0,179.5101318359375,35.05207824707031,0.9999530930499434,0.19179819289073494,0.00018730064781959544,Lipids & Surfactants
DSB1,9,180.0,35.0,179.57981872558594,35.12864685058594,0.9999740041052418,0.14230033046863785,0.00010389602702249143,Lipids & Surfactants
DSB1,10,180.0,35.0,179.5101318359375,35.05207824707031,0.9999530930499434,0.19179819289073494,0.00018730064781959544,Lipids & Surfactants
DSB1,11,180.0,35.0,179.57981872558594,35.12864685058594,0.9999740041052418,0.14230033046863785,0.00010389602702249143,Lipids & Surfactants
OLB1,0,169.99998474121094,35.0,170.91067504882812,34.647857666015625,0.9998434359221418,0.3931334080296672,0.0006266880352518049,Lipids & Surfactants
OLB1,1,120.0,35.0,122.31021118164062,35.6320686340332,0.9972777732296232,2.13127458624517,0.011000923643901438,Lipids & Surfactants
OLB1,2,84.99999237060547,10.0,65.16587829589844,10.377714157104492,0.9546908748493017,14.876005680185834,0.1890675819572094,Lipids & Surfactants
OLB1,3,120.0,15.0,124.99510192871094,15.039933204650879,0.995521718152122,3.903253786277588,0.018040203524220418,Lipids & Surfactants
OLB1,4,120.0,15.0,119.64788818359375,14.85506534576416,0.999965566475648,0.3273013755076134,0.0001372001505087943,Lipids & Surfactants
OLB1,5,124.99999237060547,25.0,126.75093841552734,24.29193115234375,0.9991366443545114,1.366414231745863,0.003420263108019621,Lipids & Surfactants
OLB1,6,139.99998474121094,15.0,145.6422882080078,15.333749771118164,0.9944599429871073,4.025119478246869,0.022584564745174167,Lipids & Surfactants
OLB1,7,139.99998474121094,15.0,144.78884887695312,15.25109577178955,0.9960539695468923,3.4067932395918885,0.016021601304258018,Lipids & Surfactants
OLB1,8,120.0,35.0,120.53330993652344,34.450069427490234,0.9998718086870805,0.4439852672290325,0.0005094815240452709,Lipids & Surfactants
OLB1,9,180.0,35.0,179.39825439453125,34.91542434692383,0.9999037931821689,0.2751343046192342,0.00038353782116581415,Lipids & Surfactants
OLB1,10,99.99999237060547,10.0,99.85416412353516,10.061413764953613,0.9999969436655567,0.09677748466790352,1.2245689164625028e-05,Lipids & Surfactants
OLB1,11,99.99999237060547,10.0,98.22718048095703,9.997607231140137,0.9996404583132661,1.3284224308466757,0.0014377112877138158,Lipids & Surfactants
POL078,0,130.09999084472656,98.9000015258789,117.69633483886719,43.20130920410156,0.8178755813215096,12.92548447483128,0.5958841637437633,Polymers & Glycols
POL078,1,146.0,17.100000381469727,123.93328094482422,57.53318405151367,0.8640607244326151,12.791028469481082,0.8998864589089421,Polymers & Glycols
POL078,2,99.19999694824219,108.0,114.21832275390625,55.918609619140625,0.7728698895549649,14.083068334558904,0.7957520947183246,Polymers & Glycols
POL078,3,117.5,74.30000305175781,107.39166259765625,58.60834503173828,0.900093411035887,9.870816102124955,0.3783998840981377,Polymers & Glycols
SM011,0,145.8000030517578,73.5,98.13410949707031,72.323486328125,0.09052100825814746,45.08930420067505,9.395827738385817,Small Metabolites & Aromatics
SM011,1,124.29999542236328,44.400001525878906,100.35729217529297,60.67219161987305,0.6598629860623764,22.177567282596293,1.933222797652693,Small Metabolites & Aromatics
SM011,2,136.19998168945312,34.599998474121094,102.20870971679688,74.8064193725586,0.4702532940565271,30.11176054245431,4.463947826568797,Small Metabolites & Aromatics
LIP045,0,132.79998779296875,85.0,124.04366302490234,66.03778076171875,0.9106283669839496,8.661508005172657,0.33456723067186483,Lipids & Surfactants
LIP045,1,147.99998474121094,94.9000015258789,124.87362670898438,48.27733612060547,0.5609434154797881,22.780184599130354,1.7711711981950329,Lipids & Surfactants
LIP045,2,147.0,88.80000305175781,121.48068237304688,54.14914321899414,0.5023565060288893,24.65804051678287,2.232241994327559,Lipids & Surfactants
LIP045,3,107.89999389648438,26.100000381469727,122.78752136230469,70.34215545654297,0.8178634481038028,15.366759294391974,1.3549612185757358,Lipids & Surfactants
LIP045,4,136.89999389648438,82.5999984741211,127.4234390258789,55.231224060058594,0.8967880182787814,9.607638817871825,0.3681732670901424,Lipids & Surfactants
LIP045,5,92.89999389648438,52.79999923706055,125.06082153320312,57.044918060302734,0.4381568336388615,30.53974885919603,3.435968320537085,Lipids & Surfactants
DHAP,0,104.09699249267578,53.30500030517578,106.74069213867188,55.82551956176758,0.9942162889035511,2.5469628499826933,0.02372366889919397,Small Molecules & Heterocycles
LPHE,0,76.02899932861328,53.24700164794922,61.978702545166016,52.24256134033203,0.8608343417798896,13.262199836981422,0.5950263318529186,Small Molecules & Heterocycles
LPHE,1,79.93099212646484,51.7239990234375,81.54996490478516,47.910953521728516,0.9976967481695851,1.5715395596641288,0.008915275518146991,Small Molecules & Heterocycles
SM071,0,128.29998779296875,101.0999984741211,104.04608917236328,43.869327545166016,0.5455314589850955,23.952535158980915,1.7680065279267578,Small Metabolites & Aromatics
NDMBI,0,137.99998474121094,250.0,165.1918182373047,299.2303771972656,0.050937071902028945,26.023803415399023,13.152304840992162,"Steroids, Sugars & Fused Rings"
NDMBI,1,71.0,250.0,138.6159210205078,332.0979309082031,2.6773235996411504e-09,66.93068393832526,28.521412550537804,"Steroids, Sugars & Fused Rings"
NDMBI,2,71.0,250.0,138.5301971435547,343.1313171386719,2.1213434191576406e-09,66.86208790034559,28.52141263599094,"Steroids, Sugars & Fused Rings"
LIP054,0,141.5,93.5999984741211,124.79550170898438,84.6312026977539,0.6935412814184565,15.958469139075985,1.3899147466888082,Lipids & Surfactants
LIP054,1,116.39999389648438,79.0999984741211,115.96638488769531,44.74851608276367,0.981172917949311,2.608067604224318,0.06454100345149567,Lipids & Surfactants
LIP054,2,99.59999084472656,85.69999694824219,122.50625610351562,75.44506072998047,0.5402439760242518,21.98123310544266,2.3240723659981395,Lipids & Surfactants
LIP054,3,100.79999542236328,87.9000015258789,122.50957489013672,62.77721405029297,0.6061577338857943,20.568880283579567,1.729488320274232,Lipids & Surfactants
LIP054,4,103.79998779296875,27.299999237060547,121.55815124511719,77.4094009399414,0.761578629943653,17.91663518613777,1.9174299309563845,Lipids & Surfactants
LIP054,5,99.89999389648438,15.199999809265137,124.57270050048828,70.11163330078125,0.6796276113675486,24.94912016649067,3.5601657518333893,Lipids & Surfactants
POL007,0,130.39999389648438,94.0,121.84091186523438,64.56947326660156,0.9050248340875751,8.639669535395369,0.340169158945611,Polymers & Glycols
POL007,1,137.49998474121094,97.9000015258789,123.27742004394531,48.97441482543945,0.7771010344674886,14.54467581933576,0.7725584117019854,Polymers & Glycols
POL007,2,95.49999237060547,66.9000015258789,118.74413299560547,48.08706283569336,0.6470477010088634,21.819739165092923,1.5100692168509493,Polymers & Glycols
POL007,3,93.5,72.69999694824219,120.26756286621094,69.5758056640625,0.4741969181499716,25.689042777256006,2.927107397386401,Polymers & Glycols
POL007,4,116.49999237060547,108.19999694824219,127.94927215576172,49.707881927490234,0.8682168825475458,9.877856395489317,0.42838402488913974,Polymers & Glycols
POL007,5,111.09999084472656,27.299999237060547,129.2704620361328,53.69814682006836,0.8011014163987433,18.014265176015996,1.260221573305637,Polymers & Glycols
POL007,6,98.5999984741211,95.0,127.13684844970703,61.56046676635742,0.41406098699068616,27.006255563127052,2.9330246631809738,Polymers & Glycols
DFMN,0,156.99998474121094,1000.0,163.3522186279297,891.1522216796875,0.5717735284468468,6.152600223211062,2.1213172035816905,Small Molecules & Heterocycles
DFMN,1,168.0,1000.0,167.7461395263672,941.6083374023438,0.9985672691625903,0.28031811416952285,0.005581159805549719,Small Molecules & Heterocycles
DFMN,2,140.99998474121094,79.0,149.4507293701172,78.5035171508789,0.9257516514414011,7.605207824653868,0.30983851635414283,Small Molecules & Heterocycles
DFMN,3,96.99999237060547,500.0,94.27886962890625,518.3115844726562,0.9443238528572039,2.706657380406589,0.2333152118224352,Small Molecules & Heterocycles
DFMN,4,79.99999237060547,100.0,94.09288787841797,70.89149475097656,0.7771147548207692,13.696642498436622,0.866719384075224,Small Molecules & Heterocycles
POL090,0,95.79999542236328,90.5999984741211,118.98638153076172,49.60038375854492,0.6020162014022687,21.75036635202989,1.5918611026459728,Polymers & Glycols
POL090,1,106.89999389648438,34.400001525878906,116.9246597290039,43.05855178833008,0.9408770848435306,9.601239910916227,0.2719355439274184,Polymers & Glycols
POL090,2,92.39999389648438,17.299999237060547,124.7035903930664,46.80222702026367,0.6314935802189496,30.53504211979125,3.1274027735502314,Polymers & Glycols
POL090,3,136.5,29.100000381469727,138.7683563232422,28.613218307495117,0.9983048695983748,1.7702047624942785,0.006759350785128019,Polymers & Glycols
POL090,4,118.09999084472656,78.5999984741211,140.5411376953125,54.85035705566406,0.6414961628213368,20.249246236237635,1.53154000114181,Polymers & Glycols
POL090,5,115.69999694824219,17.799999237060547,120.14673614501953,51.677371978759766,0.9286321780594657,8.068464421755376,0.4622697352056207,Polymers & Glycols
POL090,6,137.0,16.100000381469727,120.04884338378906,63.86687088012695,0.8809013456769696,10.520509674961136,0.834970453549738,Polymers & Glycols
POL090,7,135.6999969482422,108.80000305175781,115.72357177734375,62.73208999633789,0.5978739626978284,19.727942181956138,1.6372262290098778,Polymers & Glycols
POL090,8,115.99999237060547,71.19999694824219,120.06487274169922,55.958614349365234,0.9840503088843705,3.56739644165776,0.0582465546233896,Polymers & Glycols
POL090,9,118.5999984741211,55.900001525878906,120.78199768066406,58.35861587524414,0.9957595988611643,2.117112491301167,0.017353744194615116,Polymers & Glycols
DVDT,0,139.99998474121094,25.0,138.72325134277344,25.458492279052734,0.9995969431640409,0.8944766385686179,0.0016203066018641078,Small Molecules & Heterocycles
DVDT,1,139.99998474121094,25.0,138.72325134277344,25.458492279052734,0.9995969431640409,0.8944766385686179,0.0016203066018641078,Small Molecules & Heterocycles
DVDT,2,45.0,35.0,12.86401081085205,35.006919860839844,0.6628441742702913,23.7650897526761,1.7389029378628338,Small Molecules & Heterocycles
DVDT,3,79.99999237060547,55.0,73.95269012451172,53.41246032714844,0.9717498211357523,5.735847726702345,0.11310048348402114,Small Molecules & Heterocycles
DVDT,4,180.0,35.0,178.0975341796875,34.94853591918945,0.9991464388620164,0.826926862600082,0.0033854830962846186,Small Molecules & Heterocycles
DVDT,5,180.0,35.0,178.0975341796875,34.94853591918945,0.9991464388620164,0.826926862600082,0.0033854830962846186,Small Molecules & Heterocycles
DVDT,6,180.0,35.0,179.3778533935547,34.74102020263672,0.9998614618653203,0.3300475211559197,0.0005514278779425594,Small Molecules & Heterocycles
DVDT,7,120.0,35.0,119.36265563964844,34.503135681152344,0.9997714306689702,0.6102587515855455,0.0009084192693976463,Small Molecules & Heterocycles
DVDT,8,180.0,35.0,179.3778533935547,34.74102020263672,0.9998614618653203,0.3300475211559197,0.0005514278779425594,Small Molecules & Heterocycles
DVDT,9,120.0,35.0,119.36265563964844,34.503135681152344,0.9997714306689702,0.6102587515855455,0.0009084192693976463,Small Molecules & Heterocycles
CHOL,0,98.99999237060547,250.0,116.3725357055664,135.6724395751953,0.4462923406259044,16.940810543261296,2.5038570009234635,"Steroids, Sugars & Fused Rings"
DR5P,0,139.0,129.0,118.8837661743164,128.51365661621094,0.4631172553071188,19.455256497862273,3.0617969248095287,Small Molecules & Heterocycles
DR5P,1,79.99999237060547,30.0,103.97503662109375,38.82240676879883,0.7559835670678651,22.218918239152966,1.267751092260173,Small Molecules & Heterocycles
DUB1,0,169.99998474121094,35.0,170.91094970703125,34.44648742675781,0.9998795869786848,0.341187285503579,0.0004812632896406397,Small Molecules & Heterocycles
DUB1,1,120.0,35.0,122.29891204833984,35.42498016357422,0.9973563792695528,2.1062779038994877,0.010654824179288999,Small Molecules & Heterocycles
DUB1,2,84.99999237060547,10.0,65.14071655273438,10.422510147094727,0.9543609074939361,14.918459026234803,0.19077195985581055,Small Molecules & Heterocycles
DUB1,3,120.0,15.0,125.01984405517578,15.041313171386719,0.9954763048492545,3.922845315334254,0.018224556386739376,Small Molecules & Heterocycles
DUB1,4,120.0,15.0,119.6529541015625,14.85506534576416,0.9999663169574788,0.3233174552169106,0.00013421044346178775,Small Molecules & Heterocycles
DUB1,5,124.99999237060547,25.0,127.45735931396484,24.557992935180664,0.9981872335426694,2.008753815808521,0.007217664913389829,Small Molecules & Heterocycles
DUB1,6,139.99998474121094,15.0,144.79432678222656,15.25109577178955,0.9960454558197476,3.410435813657504,0.016056378353167935,Small Molecules & Heterocycles
DUB1,7,139.99998474121094,15.0,144.79432678222656,15.25109577178955,0.9960454558197476,3.410435813657504,0.016056378353167935,Small Molecules & Heterocycles
DUB1,8,99.99999237060547,10.0,99.85416412353516,10.061413764953613,0.9999969436655567,0.09677748466790352,1.2245689164625028e-05,Small Molecules & Heterocycles
DUB1,9,99.99999237060547,10.0,98.22718048095703,9.997607231140137,0.9996404583132661,1.3284224308466757,0.0014377112877138158,Small Molecules & Heterocycles
DUB1,10,99.99999237060547,10.0,99.85416412353516,10.061413764953613,0.9999969436655567,0.09677748466790352,1.2245689164625028e-05,Small Molecules & Heterocycles
DUB1,11,99.99999237060547,10.0,98.22718048095703,9.997607231140137,0.9996404583132661,1.3284224308466757,0.0014377112877138158,Small Molecules & Heterocycles
GL6P,0,102.0,729.0,86.81217193603516,716.0674438476562,0.07923870268069144,15.135042008504817,10.049885915074587,Small Molecules & Heterocycles
GL6P,1,83.0,949.0,86.72761535644531,981.087646484375,0.8153558986381145,3.7174534006434086,0.8302834365827234,Small Molecules & Heterocycles
GL6P,2,95.0,731.0,84.37602233886719,679.7947998046875,0.2982555896760687,10.586170754214786,4.670306033583996,Small Molecules & Heterocycles
GL6P,3,79.0,1000.0,69.52801513671875,827.393798828125,0.2903709289599543,9.435280178530725,4.521050013963512,Small Molecules & Heterocycles
GL6P,4,139.99998474121094,104.0,112.96588897705078,108.96307373046875,0.3200525468724455,25.952230888657443,4.633384137778539,Small Molecules & Heterocycles
GL6P,5,90.0,37.0,101.01692199707031,40.19561004638672,0.934741846292251,10.324714992842535,0.28082999649939633,Small Molecules & Heterocycles
POL014,0,109.99999237060547,56.79999923706055,118.56800842285156,56.335174560546875,0.9418706590278417,8.102495403309467,0.23890458960023442,Polymers & Glycols
POL014,1,122.19998931884766,111.5999984741211,124.12310791015625,54.35248565673828,0.9706286324999935,2.847973372096751,0.09782596868708486,Polymers & Glycols
POL014,2,110.79999542236328,51.400001525878906,114.74075317382812,69.21389770507812,0.9797196309730523,4.05136639146298,0.09427177312730675,Polymers & Glycols
POL014,3,134.29998779296875,62.5,121.48857879638672,75.08130645751953,0.8565046253845607,11.745998733919375,0.6738493210531227,Polymers & Glycols
POL014,4,103.49999237060547,62.5,120.42479705810547,52.58091354370117,0.7916356703914645,15.877556505536054,0.8656768607209351,Polymers & Glycols
POL014,5,98.5,33.5,132.10006713867188,62.6008186340332,0.4645764991537816,32.17486825681813,4.297823022623661,Polymers & Glycols
POL014,6,119.89998626708984,59.0,123.4451675415039,74.4121322631836,0.982862261561585,3.6700230891664183,0.07721712635415036,Polymers & Glycols
LIP096,0,142.60000610351562,40.5,124.56455993652344,43.436187744140625,0.8357230416432812,15.714038505515424,0.728937939735166,Lipids & Surfactants
LIP096,1,122.99999237060547,35.20000076293945,125.20469665527344,43.56333541870117,0.9935410588996167,2.550130701582898,0.028396242197617154,Lipids & Surfactants
LIP096,2,96.09999084472656,110.69999694824219,119.72527313232422,44.938720703125,0.5812174957913339,21.947441402192386,1.5580178192854386,Lipids & Surfactants
LIP096,3,139.1999969482422,94.80000305175781,112.46288299560547,40.6829719543457,0.5000365043353808,26.443040799746118,2.0180559009077492,Lipids & Surfactants
LIP096,4,92.89999389648438,103.5999984741211,134.28211975097656,61.82080078125,0.1459836945574005,39.19757243928016,6.206566473691032,Lipids & Surfactants
CHOL,0,-179.69998168945312,25.0,133.81541442871094,82.48490905761719,1.4044740535791074e-13,130.3824741384036,29.644027663082948,"Steroids, Sugars & Fused Rings"
SM061,0,136.19998168945312,56.79999923706055,107.51215362548828,71.87377166748047,0.4779297025244572,26.691948181077137,3.285632310731241,Small Metabolites & Aromatics
SM061,1,139.6999969482422,32.900001525878906,124.70838928222656,67.0829086303711,0.8824424064151931,11.39069928035622,0.6821538643153092,Small Metabolites & Aromatics
SM061,2,91.79999542236328,36.5,130.40550231933594,64.174560546875,0.34992406985492674,36.83289886405506,5.689420335856297,Small Metabolites & Aromatics
SAP4,0,97.99999237060547,27.5,104.83139038085938,29.088363647460938,0.9813833838486329,6.260802987261864,0.07717115176885032,"Steroids, Sugars & Fused Rings"
SAP4,1,90.0,3.0,94.2616958618164,3.9977574348449707,0.9986904561428246,2.2820248880041394,0.005428141455679374,"Steroids, Sugars & Fused Rings"
SAP4,2,91.99999237060547,55.0,86.27066802978516,59.709197998046875,0.9725256932418566,5.482572184813781,0.1159588194008323,"Steroids, Sugars & Fused Rings"
DVZ1,0,115.0,32.0,119.17153930664062,32.40806198120117,0.9921855726936013,3.792616595982829,0.03159979968602337,Small Molecules & Heterocycles
DVZ1,1,99.99999237060547,25.0,103.54943084716797,25.70030403137207,0.9955086937883805,3.2173412024821384,0.018237152923867947,Small Molecules & Heterocycles
DVZ1,2,99.99999237060547,25.0,103.54943084716797,25.70030403137207,0.9955086937883805,3.2173412024821384,0.018237152923867947,Small Molecules & Heterocycles
DVZ1,3,154.99998474121094,25.0,159.79092407226562,24.963817596435547,0.9944656426812565,3.050193491381244,0.02245540310428429,Small Molecules & Heterocycles
DVZ1,4,154.99998474121094,25.0,159.79092407226562,24.963817596435547,0.9944656426812565,3.050193491381244,0.02245540310428429,Small Molecules & Heterocycles
DVZ1,5,180.0,35.0,179.44729614257812,34.91117858886719,0.9999169693884525,0.2555006322212523,0.00033106767546572767,Small Molecules & Heterocycles
DVZ1,6,120.0,35.0,119.25656127929688,34.69120788574219,0.9997133385902078,0.6937025486163583,0.0011419977443860277,Small Molecules & Heterocycles
DVZ1,7,180.0,35.0,179.44729614257812,34.91117858886719,0.9999169693884525,0.2555006322212523,0.00033106767546572767,Small Molecules & Heterocycles
DVZ1,8,120.0,35.0,119.25656127929688,34.69120788574219,0.9997133385902078,0.6937025486163583,0.0011419977443860277,Small Molecules & Heterocycles
SPER,0,149.99998474121094,100.0,162.5835723876953,96.88575744628906,0.8205240755603143,10.522379663824754,0.7980338803667111,Small Molecules & Heterocycles
SPER,1,160.4049835205078,100.0,159.19183349609375,99.2779312133789,0.998086051808164,1.0099283010587459,0.007616119834701169,Small Molecules & Heterocycles
SPER,2,149.99998474121094,100.0,164.03269958496094,99.08553314208984,0.7786572901952032,11.712428927300017,1.0228797025497423,Small Molecules & Heterocycles
A3P,0,75.95999908447266,53.27899932861328,66.99057006835938,56.464080810546875,0.9371842052239533,8.565342369704249,0.2670714096262926,Small Molecules & Heterocycles
A3P,1,136.07598876953125,104.1989974975586,127.57505798339844,99.97711944580078,0.8966605373187869,8.17672069188964,0.42697792764427267,Small Molecules & Heterocycles
A3P,2,84.80699920654297,50.55699920654297,86.56331634521484,52.772945404052734,0.9976101296413444,1.6620369542487132,0.009766290653927825,Small Molecules & Heterocycles
A3P,3,84.99999237060547,54.007999420166016,81.19099426269531,60.153865814208984,0.9871578811635302,3.6723299323447915,0.05445840279726545,Small Molecules & Heterocycles
A3P,4,39.999996185302734,100.0,67.33539581298828,88.65557098388672,0.35392664640307714,26.305369709734563,3.905873507584024,Small Molecules & Heterocycles
LIP095,0,140.09999084472656,89.5999984741211,113.64974975585938,50.14140319824219,0.48889661796786044,25.790823759943102,2.254593982516457,Lipids & Surfactants
LIP095,1,96.79999542236328,92.30000305175781,125.25641632080078,77.25437927246094,0.36881716501893924,27.333342568809147,3.6809400588720216,Lipids & Surfactants
LIP095,2,106.49999237060547,82.0999984741211,114.35070037841797,75.44395446777344,0.9317866841434168,7.509001998119897,0.2717383711310746,Lipids & Surfactants
LIP095,3,110.5,119.80000305175781,108.12236785888672,75.68800354003906,0.978438505859662,2.754403901617976,0.07412918531386777,Lipids & Surfactants
LIP095,4,105.79999542236328,44.29999923706055,114.28909301757812,67.85404968261719,0.9306042337769197,8.451684536235728,0.3560967528567054,Lipids & Surfactants
X5P,0,52.999996185302734,125.0,71.96819305419922,141.75985717773438,0.49276549566420275,18.434829204832955,3.0099419108344883,Small Molecules & Heterocycles
X5P,1,74.99999237060547,200.0,75.65789031982422,185.35647583007812,0.9983386984499085,0.6640231647156987,0.0064269754167183,Small Molecules & Heterocycles
X5P,2,84.99999237060547,100.0,100.61892700195312,78.06993103027344,0.7260610755367379,15.150685881189952,1.1442196240212068,Small Molecules & Heterocycles
NDMBI,0,137.99998474121094,250.0,165.1918182373047,299.2303771972656,0.050937071902028945,26.023803415399023,13.152304840992162,"Steroids, Sugars & Fused Rings"
NDMBI,1,71.0,250.0,138.6159210205078,332.0979309082031,2.6773235996411504e-09,66.93068393832526,28.521412550537804,"Steroids, Sugars & Fused Rings"
NDMBI,2,71.0,250.0,138.5301971435547,343.1313171386719,2.1213434191576406e-09,66.86208790034559,28.52141263599094,"Steroids, Sugars & Fused Rings"
SLDP,0,90.0,25.0,87.0497055053711,25.172571182250977,0.9969982701988591,2.657695752845789,0.012062315715636068,Small Molecules & Heterocycles
SLDP,1,90.0,25.0,83.714111328125,24.41748809814453,0.9867049235469669,5.641186838272272,0.05299204543438535,Small Molecules & Heterocycles
SLDP,2,45.0,35.0,14.807683944702148,34.33824920654297,0.6978868399326613,22.46552259720229,1.501426551717856,Small Molecules & Heterocycles
SLDP,3,180.0,35.0,177.40980529785156,34.234336853027344,0.9978566222026866,1.321831830771983,0.008430418327073483,Small Molecules & Heterocycles
SLDP,4,180.0,35.0,177.0763702392578,34.63631057739258,0.9977221109270415,1.3632368799446781,0.008977782557776304,Small Molecules & Heterocycles
SLDP,5,180.0,35.0,179.42288208007812,35.03553771972656,0.9999308751713937,0.23303512983277683,0.0002758755796403556,Small Molecules & Heterocycles
SLDP,6,180.0,35.0,179.58860778808594,35.12864685058594,0.9999753300596073,0.1385959679894127,9.860039597480423e-05,Small Molecules & Heterocycles
SLDP,7,99.99999237060547,10.0,101.49279022216797,10.013031959533691,0.9997440776366561,1.1189649934276056,0.0010246842566430797,Small Molecules & Heterocycles
SLDP,8,99.99999237060547,10.0,98.59879302978516,10.054937362670898,0.9997788232443305,1.0384460285369854,0.000886170916905106,Small Molecules & Heterocycles
LFSP,0,117.99999237060547,15.0,117.96345520019531,14.787917137145996,0.9999897951826973,0.12059794475500926,4.064547563776633e-05,Lipids & Surfactants
LFSP,1,99.99999237060547,25.0,101.43513488769531,25.227197647094727,0.9992770854441653,1.2972382268732014,0.0029048443988575305,Lipids & Surfactants
LFSP,2,99.99999237060547,25.0,101.24809265136719,25.152149200439453,0.9994572068868814,1.1260715062149576,0.002177943228552734,Lipids & Surfactants
LFSP,3,139.99998474121094,15.0,148.3608856201172,15.200462341308594,0.9888099665374468,5.704532623313395,0.04582092865722116,Lipids & Surfactants
LFSP,4,139.99998474121094,15.0,146.61106872558594,14.979171752929688,0.9933456223781812,4.426042843242376,0.026972750297322937,Lipids & Surfactants
LFSP,5,120.0,35.0,120.85587310791016,34.78801727294922,0.9996586917035802,0.7590401828602605,0.0013622183801324929,Lipids & Surfactants
LFSP,6,180.0,35.0,179.40386962890625,34.91542434692383,0.9999054407648635,0.27275636012248355,0.00037697867658321196,Lipids & Surfactants
LFSP,7,99.99999237060547,10.0,101.34576416015625,10.018293380737305,0.9997911847958982,1.0105561301381298,0.0008361701108715695,Lipids & Surfactants
LFSP,8,99.99999237060547,10.0,101.7414321899414,10.077465057373047,0.9996401184090142,1.321963715288892,0.0014443023956090643,Lipids & Surfactants
DOZP,0,115.0,30.0,120.9144058227539,30.116052627563477,0.9857055301493829,5.294846749206694,0.05780727427538179,Small Molecules & Heterocycles
DOZP,1,99.99999237060547,25.0,103.3125,26.772537231445312,0.9956727458975312,3.0573931276023285,0.017890909092581148,Small Molecules & Heterocycles
DOZP,2,99.99999237060547,25.0,103.3125,26.772537231445312,0.9956727458975312,3.0573931276023285,0.017890909092581148,Small Molecules & Heterocycles
DOZP,3,139.99998474121094,15.0,148.28359985351562,15.200462341308594,0.98900640443781,5.655047293815587,0.04500605905052389,Small Molecules & Heterocycles
DOZP,4,139.99998474121094,15.0,148.28359985351562,15.200462341308594,0.98900640443781,5.655047293815587,0.04500605905052389,Small Molecules & Heterocycles
DOZP,5,120.0,35.0,120.8507080078125,34.81967544555664,0.9996612425994176,0.7566059357991199,0.0013525728644440838,Small Molecules & Heterocycles
DOZP,6,180.0,35.0,179.40386962890625,34.91542434692383,0.9999054407648635,0.27275636012248355,0.00037697867658321196,Small Molecules & Heterocycles
DOZP,7,120.0,35.0,120.8507080078125,34.81967544555664,0.9996612425994176,0.7566059357991199,0.0013525728644440838,Small Molecules & Heterocycles
DOZP,8,180.0,35.0,179.40386962890625,34.91542434692383,0.9999054407648635,0.27275636012248355,0.00037697867658321196,Small Molecules & Heterocycles
DVPI,0,149.99998474121094,35.0,152.93153381347656,35.2520637512207,0.9964095181378021,2.239779185725363,0.014512760869588656,Small Molecules & Heterocycles
DVPI,1,120.0,35.0,123.39276885986328,35.63297653198242,0.994235522858719,3.1066339086909474,0.023340778182267423,Small Molecules & Heterocycles
DVPI,2,99.99999237060547,25.0,103.49907684326172,25.427095413208008,0.9957152468860309,3.157819131185872,0.017313676704970547,Small Molecules & Heterocycles
DVPI,3,99.99999237060547,25.0,103.49907684326172,25.427095413208008,0.9957152468860309,3.157819131185872,0.017313676704970547,Small Molecules & Heterocycles
DVPI,4,154.99998474121094,25.0,159.7947235107422,24.963817596435547,0.9944570110444759,3.052533174800447,0.022490747740512167,Small Molecules & Heterocycles
DVPI,5,154.99998474121094,25.0,159.7947235107422,24.963817596435547,0.9944570110444759,3.052533174800447,0.022490747740512167,Small Molecules & Heterocycles
DVPI,6,180.0,35.0,179.44729614257812,34.91117858886719,0.9999169693884525,0.2555006322212523,0.00033106767546572767,Small Molecules & Heterocycles
DVPI,7,120.0,35.0,119.25656127929688,34.69120788574219,0.9997133385902078,0.6937025486163583,0.0011419977443860277,Small Molecules & Heterocycles
DVPI,8,180.0,35.0,179.44729614257812,34.91117858886719,0.9999169693884525,0.2555006322212523,0.00033106767546572767,Small Molecules & Heterocycles
DVPI,9,120.0,35.0,119.25656127929688,34.69120788574219,0.9997133385902078,0.6937025486163583,0.0011419977443860277,Small Molecules & Heterocycles
SM098,0,139.89999389648438,119.0999984741211,126.40825653076172,77.237548828125,0.7539626366444301,13.431335413124685,0.9386522976002409,Small Metabolites & Aromatics
SM098,1,99.79999542236328,87.5999984741211,110.33841705322266,42.382843017578125,0.8923977461542375,9.589973481481861,0.3502040291332244,Small Metabolites & Aromatics
LFPP,0,149.99998474121094,35.0,155.40884399414062,39.63116455078125,0.9819564493700875,4.822825557079414,0.07732567522551197,Small Molecules & Heterocycles
LFPP,1,120.0,35.0,124.53641510009766,34.37757873535156,0.9904511873346941,4.033480474778374,0.03814396228590908,Small Molecules & Heterocycles
LFPP,2,99.99999237060547,25.0,102.22369384765625,25.496543884277344,0.9982345333265951,2.017375340769513,0.007132123773690546,Small Molecules & Heterocycles
LFPP,3,99.99999237060547,25.0,102.22257995605469,25.54446792602539,0.9982270438594825,2.0186526619550196,0.0071683806830854235,Small Molecules & Heterocycles
LFPP,4,139.99998474121094,15.0,146.60679626464844,14.965432167053223,0.9933840309834898,4.413970688969073,0.026808255743303772,Small Molecules & Heterocycles
LFPP,5,139.99998474121094,15.0,146.57383728027344,14.965432167053223,0.9934489128698093,4.392558618009987,0.026543016857345846,Small Molecules & Heterocycles
LFPP,6,99.99999237060547,10.0,100.3794937133789,10.018217086791992,0.9999829292586399,0.28821034621380653,6.833302335627553e-05,Small Molecules & Heterocycles
LFPP,7,99.99999237060547,10.0,98.26972961425781,9.996145248413086,0.9996573759734726,1.296796041280012,0.0013699942543788264,Small Molecules & Heterocycles
LFPP,8,99.99999237060547,10.0,101.35293579101562,10.018293380737305,0.9997889652686774,1.015912893277956,0.0008450604933196021,Small Molecules & Heterocycles
LFPP,9,99.99999237060547,10.0,101.7414321899414,10.077465057373047,0.9996401184090142,1.321963715288892,0.0014443023956090643,Small Molecules & Heterocycles
LIP017,0,110.09999084472656,95.9000015258789,110.78085327148438,63.142303466796875,0.9898459218442646,1.6440846618815146,0.03608363075876013,Lipids & Surfactants
LIP017,1,96.39999389648438,22.899999618530273,131.87156677246094,44.56290054321289,0.5512090094812334,33.29777520543173,3.3850769311251727,Lipids & Surfactants
LIP017,2,133.6999969482422,67.0,123.65421295166016,54.787567138671875,0.9085026301087646,9.744084494175041,0.35026971114059097,Lipids & Surfactants
LIP017,3,131.3000030517578,60.70000076293945,121.079833984375,51.700439453125,0.9142618754364146,9.81797229836325,0.332888286257256,Lipids & Surfactants
LIP017,4,104.79999542236328,101.0,120.92613983154297,61.58269500732422,0.7463953242735339,15.109654098463912,0.9527702356452877,Lipids & Surfactants
SM066,0,90.39999389648438,117.69999694824219,115.44833374023438,48.76441955566406,0.5155569713840844,23.662176477856782,1.9064074496148171,Small Metabolites & Aromatics
POL008,0,92.5999984741211,108.5999984741211,126.0831298828125,64.62134552001953,0.26434690068999567,31.931179121625693,4.28156762790007,Polymers & Glycols
POL008,1,121.69998931884766,119.30000305175781,117.69920349121094,66.28802490234375,0.955181099488947,4.5016244108722505,0.1485966388089439,Polymers & Glycols
POL008,2,94.39999389648438,73.19999694824219,128.66114807128906,60.18137741088867,0.3256259442023355,32.51151538225144,4.115304280353353,Polymers & Glycols
DOPI,0,149.99998474121094,35.0,152.93153381347656,35.2520637512207,0.9964095181378021,2.239779185725363,0.014512760869588656,Small Molecules & Heterocycles
DOPI,1,120.0,35.0,122.98243713378906,34.98863220214844,0.9957255109528409,2.6894010496531484,0.017151276509548657,Small Molecules & Heterocycles
DOPI,2,99.99999237060547,25.0,103.20350646972656,26.254432678222656,0.9961410204179562,2.93441009351966,0.015813301924270495,Small Molecules & Heterocycles
DOPI,3,99.99999237060547,25.0,103.20350646972656,26.254432678222656,0.9961410204179562,2.93441009351966,0.015813301924270495,Small Molecules & Heterocycles
DOPI,4,139.99998474121094,15.0,148.3178253173828,15.200462341308594,0.98891961440106,5.676966679311883,0.045366042521284844,Small Molecules & Heterocycles
DOPI,5,139.99998474121094,15.0,148.3178253173828,15.200462341308594,0.98891961440106,5.676966679311883,0.045366042521284844,Small Molecules & Heterocycles
DOPI,6,120.0,35.0,120.8508071899414,34.81967544555664,0.9996611627000068,0.7566954857612903,0.0013528919836071863,Small Molecules & Heterocycles
DOPI,7,180.0,35.0,179.40386962890625,34.91542434692383,0.9999054407648635,0.27275636012248355,0.00037697867658321196,Small Molecules & Heterocycles
DOPI,8,120.0,35.0,120.8508071899414,34.81967544555664,0.9996611627000068,0.7566954857612903,0.0013528919836071863,Small Molecules & Heterocycles
DOPI,9,180.0,35.0,179.40386962890625,34.91542434692383,0.9999054407648635,0.27275636012248355,0.00037697867658321196,Small Molecules & Heterocycles
MN6P,0,79.99999237060547,175.0,72.35462188720703,176.64564514160156,0.8567566571227427,7.53201830372891,0.6213651754536862,Small Molecules & Heterocycles
MN6P,1,99.99999237060547,232.0,110.0804214477539,163.33685302734375,0.7432676664249638,9.869193655787235,1.0147183528569845,Small Molecules & Heterocycles
MN6P,2,130.0,300.0,121.6267318725586,189.16903686523438,0.7638964341568312,8.438800634492132,0.8832260731143817,Small Molecules & Heterocycles
MN6P,3,99.99999237060547,50.0,105.62433624267578,52.338096618652344,0.9764785573525302,5.364687969471329,0.09734866762342989,Small Molecules & Heterocycles
OLS1,0,117.99999237060547,15.0,122.47994232177734,15.071003913879395,0.9963313446107499,3.5485677530525557,0.014773799177062084,Lipids & Surfactants
OLS1,1,99.99999237060547,25.0,101.37413024902344,25.302570343017578,0.9993288584137998,1.2459038148398922,0.002700281253493971,Lipids & Surfactants
OLS1,2,99.99999237060547,25.0,101.19984436035156,25.17025375366211,0.9994966211415421,1.0836048841319197,0.0020203862825427382,Lipids & Surfactants
OLS1,3,139.99998474121094,15.0,148.3395233154297,15.200462341308594,0.988864426292928,5.690858722514925,0.04559498329415016,Lipids & Surfactants
OLS1,4,139.99998474121094,15.0,146.6858673095703,14.981633186340332,0.9931913080028061,4.476284492539155,0.027605351070917106,Lipids & Surfactants
OLS1,5,120.0,35.0,120.85587310791016,34.78801727294922,0.9996586917035802,0.7590401828602605,0.0013622183801324929,Lipids & Surfactants
OLS1,6,180.0,35.0,179.40386962890625,34.91542434692383,0.9999054407648635,0.27275636012248355,0.00037697867658321196,Lipids & Surfactants
OLS1,7,99.99999237060547,10.0,100.37382507324219,10.018217086791992,0.9999834249001023,0.28396949486562406,6.634889126901772e-05,Lipids & Surfactants
OLS1,8,99.99999237060547,10.0,98.26972961425781,9.996145248413086,0.9996573759734726,1.296796041280012,0.0013699942543788264,Lipids & Surfactants
CAR3,0,159.99998474121094,100.0,151.89910888671875,95.6912841796875,0.9167471224420132,7.030454988283118,0.33585841905849795,Small Molecules & Heterocycles
CAR3,1,149.99998474121094,70.0,126.34352111816406,72.28911590576172,0.5743472795256297,21.586851084729457,2.2110742879084873,Small Molecules & Heterocycles
CAR3,2,55.83899688720703,60.0,37.47723388671875,58.299625396728516,0.7575858851544313,16.78417860298509,1.1043406638123068,Small Molecules & Heterocycles
OLDT,0,139.99998474121094,25.0,141.62176513671875,24.734575271606445,0.9993036294409549,1.1898588507636514,0.002781945812277067,Small Molecules & Heterocycles
OLDT,1,139.99998474121094,25.0,140.92279052734375,24.961462020874023,0.9997538202161838,0.7090530176974423,0.00098552604635903,Small Molecules & Heterocycles
OLDT,2,45.0,35.0,12.47150993347168,34.80366516113281,0.6586614292378632,23.938907213407997,1.7634572729202702,Small Molecules & Heterocycles
OLDT,3,79.99999237060547,55.0,73.3724136352539,53.539302825927734,0.9661146047038938,6.288589871842444,0.13621118279684605,Small Molecules & Heterocycles
OLDT,4,180.0,35.0,177.98992919921875,35.59943389892578,0.9993717374230704,0.7050776146396179,0.0025032545699244474,Small Molecules & Heterocycles
OLDT,5,180.0,35.0,177.52584838867188,34.95446014404297,0.9985611127128535,1.077898176177671,0.005694719033991354,Small Molecules & Heterocycles
OLDT,6,120.0,35.0,120.9906234741211,34.85197448730469,0.9995370074627037,0.8851959664650422,0.0018495746224078524,Small Molecules & Heterocycles
OLDT,7,180.0,35.0,179.41326904296875,34.99078369140625,0.9999212220365798,0.24888695046754986,0.00031427305160078214,Small Molecules & Heterocycles
OLDT,8,99.99999237060547,10.0,101.19937896728516,10.0098876953125,0.9998348508667363,0.8990252841454558,0.0006610834255933694,Small Molecules & Heterocycles
OLDT,9,99.99999237060547,10.0,98.59129333496094,10.021629333496094,0.9997746873036806,1.05066393192619,0.0009017198746327885,Small Molecules & Heterocycles
LIP080,0,138.49998474121094,106.9000015258789,132.3337860107422,61.48477554321289,0.9277159363847092,6.776605575900825,0.2426697025015465,Lipids & Surfactants
LIP080,1,108.09999084472656,105.19999694824219,128.1097869873047,81.86544799804688,0.5854415886056347,19.084515222247987,1.9150721853376578,Lipids & Surfactants
LIP080,2,141.39999389648438,95.30000305175781,125.1925277709961,79.78598022460938,0.7096481453141448,15.592166298598269,1.2600736694800445,Lipids & Surfactants
LIP080,3,98.79999542236328,87.5,123.3031005859375,62.1234016418457,0.5309937054090943,23.24463020152965,2.1815575814295025,Lipids & Surfactants
LIP080,4,146.6999969482422,86.69999694824219,116.57073974609375,49.159027099609375,0.40947093527380285,29.07469574351011,2.821492639462646,Lipids & Surfactants
LIP080,5,109.89999389648438,67.5999984741211,125.65116882324219,60.727500915527344,0.7969247005262172,14.828444430885629,0.8659735169801095,Lipids & Surfactants
LIP080,6,128.6999969482422,68.5999984741211,122.44309997558594,58.29681396484375,0.9606733026805363,6.146214604604312,0.1490211173632452,Lipids & Surfactants
LARG,0,142.45799255371094,98.35199737548828,144.4970245361328,85.80516815185547,0.9951747282467802,1.5963726384522072,0.018336478910481856,Small Molecules & Heterocycles
LARG,1,126.86299896240234,24.381000518798828,138.8845672607422,26.114824295043945,0.9519751684828519,10.22852828756193,0.20473066293098727,Small Molecules & Heterocycles
LIP088,0,127.39998626708984,28.799999237060547,111.68514251708984,54.685462951660156,0.8790170475720885,12.967622646914938,0.6946431506304408,Lipids & Surfactants
LIP088,1,108.5999984741211,36.20000076293945,109.7506332397461,60.40061950683594,0.9839186605346991,2.7916281421908415,0.07824034806012901,Lipids & Surfactants
LIP088,2,144.5,94.80000305175781,113.45146179199219,55.39966583251953,0.35186816293937934,30.054296231886102,3.331313423758039,Lipids & Surfactants
LIP088,3,130.60000610351562,46.599998474121094,120.3424072265625,62.527305603027344,0.9273538904179927,8.967283173157995,0.34552152425416016,Lipids & Surfactants
DBMP,0,151.99998474121094,10.0,157.54086303710938,10.090977668762207,0.9972628133678867,3.096838081851536,0.01110142857380838,Small Molecules & Heterocycles
DBMP,1,137.0,15.0,136.11849975585938,15.169638633728027,0.9999037175925986,0.5358517682919587,0.00038606484065349493,Small Molecules & Heterocycles
DBMP,2,109.99999237060547,10.0,110.27123260498047,10.303606986999512,0.9999485348792803,0.3545182810656452,0.00020770759909147576,Small Molecules & Heterocycles
DBMP,3,109.99999237060547,10.0,110.27123260498047,10.303606986999512,0.9999485348792803,0.3545182810656452,0.00020770759909147576,Small Molecules & Heterocycles
DBMP,4,124.99999237060547,25.0,128.1357879638672,25.596715927124023,0.9965172306355125,2.7606062492977688,0.0141235531386893,Small Molecules & Heterocycles
DBMP,5,154.99998474121094,25.0,158.90638732910156,25.087432861328125,0.9961557386830587,2.5471307291145338,0.015574127304520942,Small Molecules & Heterocycles
DBMP,6,154.99998474121094,25.0,158.90638732910156,25.087432861328125,0.9961557386830587,2.5471307291145338,0.015574127304520942,Small Molecules & Heterocycles
DBMP,7,180.0,35.0,179.51095581054688,34.992218017578125,0.9999453249986642,0.2072055757105861,0.0002182130299842264,Small Molecules & Heterocycles
DBMP,8,180.0,35.0,179.46600341796875,35.04679489135742,0.9999428292581009,0.21183314527445038,0.0002282306354997655,Small Molecules & Heterocycles
DBMP,9,180.0,35.0,179.58395385742188,35.129188537597656,0.9999746819171864,0.14041541929178733,0.00010118927382321307,Small Molecules & Heterocycles
DBMP,10,180.0,35.0,179.51095581054688,34.992218017578125,0.9999453249986642,0.2072055757105861,0.0002182130299842264,Small Molecules & Heterocycles
DBMP,11,180.0,35.0,179.46600341796875,35.04679489135742,0.9999428292581009,0.21183314527445038,0.0002282306354997655,Small Molecules & Heterocycles
DBMP,12,180.0,35.0,179.58395385742188,35.129188537597656,0.9999746819171864,0.14041541929178733,0.00010118927382321307,Small Molecules & Heterocycles
3GPP,0,108.0,145.0,114.9809799194336,111.80958557128906,0.9114054454644421,6.705709432652024,0.3301427536537693,Small Molecules & Heterocycles
3GPP,1,120.0,300.0,93.2576675415039,302.446533203125,0.03845955524050216,26.4941878917652,13.062431492366745,Small Molecules & Heterocycles
GUDP,0,115.0,60.0,124.33476257324219,54.52037811279297,0.9324856255380193,8.65500632778462,0.2680764313636663,Small Molecules & Heterocycles
GUDP,1,109.99999237060547,250.0,121.43241119384766,215.69033813476562,0.6352565730887431,11.235522441020567,1.6926223319220626,Small Molecules & Heterocycles
GUDP,2,95.0,50.0,104.60578155517578,67.34967041015625,0.9189824881793252,9.302885837635635,0.39251310369426295,Small Molecules & Heterocycles
GUDP,3,109.99999237060547,250.0,100.32686614990234,220.78799438476562,0.7164226272202885,9.58300606558487,1.2567049852259633,Small Molecules & Heterocycles
GUDP,4,95.0,250.0,107.45108032226562,236.71954345703125,0.5661173643773485,12.311304821540302,2.216286278550398,Small Molecules & Heterocycles
DLS1,0,117.99999237060547,15.0,122.47994232177734,15.071003913879395,0.9963313446107499,3.5485677530525557,0.014773799177062084,Lipids & Surfactants
DLS1,1,99.99999237060547,25.0,101.26112365722656,25.244056701660156,0.9994381655982215,1.141876729634992,0.0022580177481229882,Lipids & Surfactants
DLS1,2,99.99999237060547,25.0,101.26112365722656,25.244056701660156,0.9994381655982215,1.141876729634992,0.0022580177481229882,Lipids & Surfactants
DLS1,3,154.99998474121094,25.0,160.17605590820312,24.93451690673828,0.993604105648872,3.2755885857837446,0.025978694302349777,Lipids & Surfactants
DLS1,4,154.99998474121094,25.0,160.17605590820312,24.93451690673828,0.993604105648872,3.2755885857837446,0.025978694302349777,Lipids & Surfactants
DLS1,5,180.0,35.0,179.5890350341797,35.1750373840332,0.9999793710095921,0.12627064970107002,8.24779573168172e-05,Lipids & Surfactants
DLS1,6,180.0,35.0,179.5890350341797,35.1750373840332,0.9999793710095921,0.12627064970107002,8.24779573168172e-05,Lipids & Surfactants
SM002,0,104.29999542236328,91.5,125.59629821777344,51.339237213134766,0.650129970384997,19.701766939470623,1.364346506551116,Small Metabolites & Aromatics
SM002,1,112.0999984741211,81.4000015258789,125.93702697753906,60.27029037475586,0.8283707751586146,12.83112951181903,0.6614907240652039,Small Metabolites & Aromatics
OLKP,0,159.99998474121094,35.0,161.02102661132812,33.92355728149414,0.9998361089782116,0.41725501083524125,0.0006521299418437167,Small Molecules & Heterocycles
OLKP,1,149.99998474121094,35.0,160.94119262695312,34.87387466430664,0.9561505893793519,7.702334844400609,0.18380179090108972,Small Molecules & Heterocycles
OLKP,2,130.0,25.0,130.0978546142578,22.38503074645996,0.9994149341922645,0.6977523729266825,0.002266828607576498,Small Molecules & Heterocycles
OLKP,3,130.0,25.0,130.02557373046875,22.737104415893555,0.9995502246652455,0.6198549284089236,0.0017491774552958247,Small Molecules & Heterocycles
OLKP,4,90.0,50.0,110.75252532958984,49.20939254760742,0.7343302527303928,19.652067122539975,1.2270502761887536,Small Molecules & Heterocycles
OLKP,5,130.0,50.0,110.94963836669922,49.20939254760742,0.7735142104845195,17.764035413147468,1.0141104563509,Small Molecules & Heterocycles
OLKP,6,124.99999237060547,25.0,126.34066772460938,25.974496841430664,0.9991709561350747,1.2960638906386217,0.0033740123633777507,Small Molecules & Heterocycles
OLKP,7,139.99998474121094,15.0,144.2052001953125,15.432971954345703,0.9966452982878845,3.131201624372507,0.013660012174839928,Small Molecules & Heterocycles
OLKP,8,139.99998474121094,15.0,143.52642822265625,14.773751258850098,0.9982933682144003,2.2571188664404693,0.006835521408143269,Small Molecules & Heterocycles
OLKP,9,120.0,35.0,120.5995101928711,34.294593811035156,0.9998371783099405,0.49262335165580573,0.0006459882369248802,Small Molecules & Heterocycles
OLKP,10,180.0,35.0,179.3983612060547,34.769264221191406,0.9998747081397908,0.3138444580702557,0.000498867773197587,Small Molecules & Heterocycles
OLKP,11,99.99999237060547,10.0,100.4083480834961,10.049728393554688,0.9999786189865247,0.3173516844804339,8.567992595290026e-05,Small Molecules & Heterocycles
OLKP,12,99.99999237060547,10.0,98.14131164550781,9.997607231140137,0.9996047846120845,1.392818630948308,0.0015803597885820954,Small Molecules & Heterocycles
DNBP,0,169.99998474121094,35.0,170.32907104492188,35.00060272216797,0.9999690405386187,0.1759277471867782,0.00012399785137132095,Lipids & Surfactants
DNBP,1,120.0,35.0,124.7244644165039,34.493553161621094,0.989585008119733,4.211084266645343,0.041686929614125026,Lipids & Surfactants
DNBP,2,74.99999237060547,15.0,61.92741012573242,14.841053009033203,0.9692116294945172,10.534514217395689,0.12526546482000933,Lipids & Surfactants
DNBP,3,120.0,15.0,124.00292205810547,15.17151927947998,0.9970003315595133,3.1896219684746363,0.012104515728406557,Lipids & Surfactants
DNBP,4,120.0,15.0,120.54627227783203,15.32930850982666,0.9998961789789651,0.5433839553864429,0.00041886750718312434,Lipids & Surfactants
DNBP,5,124.99999237060547,25.0,127.75272369384766,25.322372436523438,0.9974117442021082,2.3905402995050244,0.010441203631141325,Lipids & Surfactants
DNBP,6,154.99998474121094,25.0,159.67178344726562,25.05022621154785,0.9946114629698652,3.0089627657308013,0.02188015593963186,Lipids & Surfactants
DNBP,7,154.99998474121094,25.0,159.67178344726562,25.05022621154785,0.9946114629698652,3.0089627657308013,0.02188015593963186,Lipids & Surfactants
DNBP,8,180.0,35.0,179.39227294921875,35.03047561645508,0.9999221777609449,0.24732804746447273,0.00031053276943675674,Lipids & Surfactants
DNBP,9,180.0,35.0,179.42506408691406,35.13613510131836,0.9999459150247538,0.20570729265699403,0.00021602618708141283,Lipids & Surfactants
DNBP,10,120.0,35.0,121.00201416015625,34.85529708862305,0.999525978867091,0.8957127598088473,0.0018937298826172885,Lipids & Surfactants
DNBP,11,180.0,35.0,179.37928771972656,35.01865005493164,0.9999166967712236,0.25594148521753446,0.0003323528236959275,Lipids & Surfactants
DNBP,12,180.0,35.0,179.39227294921875,35.03047561645508,0.9999221777609449,0.24732804746447273,0.00031053276943675674,Lipids & Surfactants
DNBP,13,180.0,35.0,179.42506408691406,35.13613510131836,0.9999459150247538,0.20570729265699403,0.00021602618708141283,Lipids & Surfactants
DNBP,14,120.0,35.0,121.00201416015625,34.85529708862305,0.999525978867091,0.8957127598088473,0.0018937298826172885,Lipids & Surfactants
DNBP,15,180.0,35.0,179.37928771972656,35.01865005493164,0.9999166967712236,0.25594148521753446,0.0003323528236959275,Lipids & Surfactants
DNKP,0,159.99998474121094,35.0,161.010986328125,34.82571792602539,0.9996853621957464,0.6196543909813613,0.001260503192908636,Small Molecules & Heterocycles
DNKP,1,149.99998474121094,35.0,160.93084716796875,34.77827453613281,0.9565135450254959,7.673993429514966,0.18206116631933067,Small Molecules & Heterocycles
DNKP,2,130.0,25.0,131.22817993164062,22.468963623046875,0.999443399969419,0.701839644773463,0.0021710569854529807,Small Molecules & Heterocycles
DNKP,3,130.0,25.0,131.06163024902344,24.135356903076172,0.999721203116639,0.7110254173931986,0.0011028561671814776,Small Molecules & Heterocycles
DNKP,4,90.0,50.0,110.41265869140625,49.07474899291992,0.7420691517952664,19.328891889146078,1.1838339041662616,Small Molecules & Heterocycles
DNKP,5,130.0,50.0,110.59123992919922,49.07474899291992,0.7661655841662107,18.104647568541584,1.0504242877775385,Small Molecules & Heterocycles
DNKP,6,124.99999237060547,25.0,126.99927520751953,25.777774810791016,0.998442788545363,1.8265411793052442,0.006322732027614146,Small Molecules & Heterocycles
DNKP,7,154.99998474121094,25.0,158.37515258789062,24.859764099121094,0.9973297160343975,2.1300869645957587,0.010764781240330992,Small Molecules & Heterocycles
DNKP,8,154.99998474121094,25.0,158.37515258789062,24.859764099121094,0.9973297160343975,2.1300869645957587,0.010764781240330992,Small Molecules & Heterocycles
DNKP,9,180.0,35.0,179.41378784179688,35.057186126708984,0.9999319344726961,0.2311935032164487,0.0002716846656138352,Small Molecules & Heterocycles
DNKP,10,180.0,35.0,179.425048828125,35.13613510131836,0.9999459116491128,0.20571375143930526,0.00021603965587070669,Small Molecules & Heterocycles
DNKP,11,120.0,35.0,121.00146484375,34.85529708862305,0.9995265027546548,0.8952169034803125,0.0018916360633672662,Small Molecules & Heterocycles
DNKP,12,180.0,35.0,179.37928771972656,35.01865005493164,0.9999166967712236,0.25594148521753446,0.0003323528236959275,Small Molecules & Heterocycles
DNKP,13,180.0,35.0,179.41378784179688,35.057186126708984,0.9999319344726961,0.2311935032164487,0.0002716846656138352,Small Molecules & Heterocycles
DNKP,14,180.0,35.0,179.425048828125,35.13613510131836,0.9999459116491128,0.20571375143930526,0.00021603965587070669,Small Molecules & Heterocycles
DNKP,15,120.0,35.0,121.00146484375,34.85529708862305,0.9995265027546548,0.8952169034803125,0.0018916360633672662,Small Molecules & Heterocycles
DNKP,16,180.0,35.0,179.37928771972656,35.01865005493164,0.9999166967712236,0.25594148521753446,0.0003323528236959275,Small Molecules & Heterocycles
TDMBI,0,137.99998474121094,250.0,126.2319564819336,264.634765625,0.5877417584824293,11.528852519830059,2.184044147316553,Small Molecules & Heterocycles
TDMBI,1,71.0,250.0,72.91737365722656,248.24441528320312,0.9862473112914011,1.8974535501259833,0.05519795612411398,Small Molecules & Heterocycles
TDMBI,2,71.0,250.0,71.89779663085938,246.86825561523438,0.9969557404995075,0.890200558212489,0.01211991973144037,Small Molecules & Heterocycles
TDMBI,3,122.0,50.0,129.47073364257812,50.0294189453125,0.9613704459181593,6.904567150506498,0.15800633566775632,Small Molecules & Heterocycles
TDMBI,4,122.0,50.0,129.47073364257812,50.0294189453125,0.9613704459181593,6.904567150506498,0.15800633566775632,Small Molecules & Heterocycles
TDMBI,5,130.0,25.0,136.62197875976562,26.33722686767578,0.9844758570944686,5.714663968025768,0.06432861824306615,Small Molecules & Heterocycles
TDMBI,6,130.0,25.0,129.89637756347656,25.8692569732666,0.9999490658661033,0.18935226197852917,0.00020566398508570162,Small Molecules & Heterocycles
OEPI,0,149.99998474121094,35.0,152.93153381347656,35.2520637512207,0.9964095181378021,2.239779185725363,0.014512760869588656,Small Molecules & Heterocycles
OEPI,1,120.0,35.0,123.18186950683594,35.61004638671875,0.994924405410463,2.915148747585621,0.020536667452955903,Small Molecules & Heterocycles
OEPI,2,99.99999237060547,25.0,103.567138671875,25.321422576904297,0.9955786207710351,3.2131608650302566,0.017834037303263765,Small Molecules & Heterocycles
OEPI,3,99.99999237060547,25.0,103.12135314941406,26.103084564208984,0.9963804116536092,2.853133352245676,0.014792203853065573,Small Molecules & Heterocycles
OEPI,4,139.99998474121094,15.0,148.49252319335938,15.25330924987793,0.9883117123757478,5.8246337269399175,0.047940378879641574,Small Molecules & Heterocycles
OEPI,5,154.99998474121094,25.0,159.48281860351562,24.938962936401367,0.9951773462273332,2.8507123307212585,0.01953855065829076,Small Molecules & Heterocycles
OEPI,6,120.0,35.0,120.83674621582031,34.81282424926758,0.999672742771115,0.7435181379730366,0.0013065287772343259,Small Molecules & Heterocycles
OEPI,7,180.0,35.0,179.40386962890625,34.91542434692383,0.9999054407648635,0.27275636012248355,0.00037697867658321196,Small Molecules & Heterocycles
OEPI,8,180.0,35.0,179.43603515625,34.814598083496094,0.9998960239481305,0.2858523478176148,0.00041422314888627665,Small Molecules & Heterocycles
OEPI,9,120.0,35.0,121.34282684326172,34.85529708862305,0.9991451439596517,1.2032388166093912,0.0034162548855348977,Small Molecules & Heterocycles
OEPI,10,180.0,35.0,179.38113403320312,35.016448974609375,0.9999168299947673,0.2557384509246537,0.00033181800515405026,Small Molecules & Heterocycles
SM084,0,125.79998779296875,107.5,104.7984390258789,63.757266998291016,0.5726249996300589,20.63490257266004,1.790520199966539,Small Metabolites & Aromatics
SM084,1,92.99999237060547,42.0,103.33952331542969,70.9226303100586,0.9039864918279039,10.040597711011127,0.5269817504881453,Small Metabolites & Aromatics
SM084,2,117.89998626708984,38.79999923706055,111.81977844238281,59.77925491333008,0.9703701601654694,5.131854850152964,0.14573880869519856,Small Metabolites & Aromatics
SLKP,0,159.99998474121094,35.0,161.01657104492188,34.82571792602539,0.9996816835812266,0.6232580242487972,0.0012752640263657623,Small Molecules & Heterocycles
SLKP,1,149.99998474121094,35.0,160.9365692138672,34.87387466430664,0.9561854120360623,7.699346618527974,0.18365015563004586,Small Molecules & Heterocycles
SLKP,2,130.0,25.0,131.23672485351562,23.928722381591797,0.9996251611959451,0.8125212946231579,0.0014790820451093143,Small Molecules & Heterocycles
SLKP,3,130.0,25.0,130.03067016601562,22.62442398071289,0.9995033684150046,0.6514857823164748,0.0019287186308499342,Small Molecules & Heterocycles
SLKP,4,90.0,50.0,110.58493041992188,49.07474899291992,0.7383347535069605,19.49118364402404,1.2038739086483006,Small Molecules & Heterocycles
SLKP,5,130.0,50.0,110.77666473388672,49.07474899291992,0.770072036722442,17.92999083313425,1.030401924700874,Small Molecules & Heterocycles
SLKP,6,124.99999237060547,25.0,126.45448303222656,25.656005859375,0.9991525591122782,1.3435117219375272,0.0034314901194727144,Small Molecules & Heterocycles
SLKP,7,154.99998474121094,25.0,158.60455322265625,24.84387969970703,0.9969679530169838,2.268294675680043,0.012230017188071943,Small Molecules & Heterocycles
SLKP,8,139.99998474121094,15.0,143.58822631835938,14.866127014160156,0.998136175783706,2.358649240448574,0.007481195472934515,Small Molecules & Heterocycles
SLKP,9,180.0,35.0,179.52130126953125,35.06371307373047,0.9999567919477739,0.18402438602424895,0.00017255534950217497,Small Molecules & Heterocycles
SLKP,10,180.0,35.0,179.5771026611328,35.12864685058594,0.9999735872589082,0.1434452584637322,0.00010556077679442274,Small Molecules & Heterocycles
SLKP,11,99.99999237060547,10.0,100.3951416015625,10.049728393554688,0.9999798824889119,0.30746238277923993,8.061630911254496e-05,Small Molecules & Heterocycles
SLKP,12,99.99999237060547,10.0,98.14131164550781,9.997607231140137,0.9996047846120845,1.392818630948308,0.0015803597885820954,Small Molecules & Heterocycles
LIP047,0,127.29999542236328,97.0,109.18864440917969,49.08855438232422,0.6933643599998456,18.002158528346524,1.1203913802572711,Lipids & Surfactants
LIP047,1,124.69999694824219,30.399999618530273,109.07498168945312,51.43416213989258,0.879317413615637,13.332935817102529,0.6584194165225319,Lipids & Surfactants
LIP047,2,138.69998168945312,81.80000305175781,126.78939819335938,41.989601135253906,0.8461862974111513,12.46686460303079,0.51874058029456,Lipids & Surfactants
LIP047,3,113.29998779296875,85.80000305175781,118.5963363647461,48.644447326660156,0.9632150015181685,4.592445000910669,0.12327875877307018,Lipids & Surfactants
NBAPH,0,147.99998474121094,100.0,146.37222290039062,99.87124633789062,0.9962934302374775,1.49247523884419,0.014824954704948833,Small Molecules & Heterocycles
NBAPH,1,150.59999084472656,100.0,148.25404357910156,101.90355682373047,0.9926580183764401,2.0774742821304275,0.029649931897558553,Small Molecules & Heterocycles
TREH,0,95.0,270.0,119.08087158203125,34.81341552734375,0.4965915489700105,21.89996671302486,1.6680118711058525,"Steroids, Sugars & Fused Rings"
TREH,1,89.0,270.0,80.66242218017578,69.69709777832031,0.8066697356167457,8.278165014606998,0.579665759187512,"Steroids, Sugars & Fused Rings"
TREH,2,61.99999237060547,300.0,48.579898834228516,80.9720458984375,0.6742878369687296,12.129180715157707,1.0423050156712912,"Steroids, Sugars & Fused Rings"
TREH,3,65.0,335.0,95.07235717773438,48.8392219543457,0.24897951538674631,29.61388700616393,3.27278119737372,"Steroids, Sugars & Fused Rings"
DLNP,0,130.0,20.0,132.0503387451172,19.781803131103516,0.9990623643191163,1.5614983093070176,0.003744599612370508,Small Molecules & Heterocycles
DLNP,1,130.0,20.0,132.0503387451172,19.781803131103516,0.9990623643191163,1.5614983093070176,0.003744599612370508,Small Molecules & Heterocycles
DLNP,2,90.0,10.0,55.12395477294922,10.503317832946777,0.8668902919719939,25.88257068707646,0.5881552638447938,Small Molecules & Heterocycles
DLNP,3,149.99998474121094,25.0,157.61260986328125,25.02518653869629,0.9851587112203997,5.134109929717574,0.06085007365550987,Small Molecules & Heterocycles
DLNP,4,149.99998474121094,25.0,157.61260986328125,25.02518653869629,0.9851587112203997,5.134109929717574,0.06085007365550987,Small Molecules & Heterocycles
DLNP,5,180.0,35.0,179.6400146484375,35.67475891113281,0.9999955447878319,0.033709271103991016,1.7895444089758826e-05,Small Molecules & Heterocycles
DLNP,6,180.0,35.0,179.6400146484375,35.67475891113281,0.9999955447878319,0.033709271103991016,1.7895444089758826e-05,Small Molecules & Heterocycles
SOM3,0,154.99998474121094,15.0,163.07423400878906,15.004203796386719,0.9916642947990506,4.523226791149866,0.034090785984458034,Small Molecules & Heterocycles
SOM3,1,130.0,20.0,134.0819854736328,19.49827003479004,0.9964021787159599,3.0568703252712184,0.014342856327373248,Small Molecules & Heterocycles
SOM3,2,109.99999237060547,15.0,109.92716979980469,14.46838092803955,0.9999400473312501,0.2808653714188054,0.0002374198671401236,Small Molecules & Heterocycles
SOM3,3,109.99999237060547,15.0,109.27430725097656,14.237478256225586,0.9997332882048069,0.7748706149683209,0.001047639574762626,Small Molecules & Heterocycles
SOM3,4,124.99999237060547,25.0,127.2437973022461,24.845142364501953,0.9984170615495608,1.879002442185207,0.006330285435625803,Small Molecules & Heterocycles
SOM3,5,154.99998474121094,25.0,159.02944946289062,25.0645751953125,0.9959445396093342,2.615590419431309,0.016431765050274105,Small Molecules & Heterocycles
SOM3,6,139.99998474121094,15.0,145.49424743652344,15.029093742370605,0.9952910639655033,3.7293075959253446,0.019054089096064,Small Molecules & Heterocycles
SOM3,7,180.0,35.0,179.5181121826172,35.05207824707031,0.9999547210885976,0.18842853360004694,0.0001808061424107265,Small Molecules & Heterocycles
SOM3,8,180.0,35.0,179.57940673828125,35.12864685058594,0.9999739410911314,0.14247399394203292,0.00010414768693510078,Small Molecules & Heterocycles
SOM3,9,120.0,35.0,120.8987808227539,34.50173568725586,0.999634923957328,0.777396801678673,0.0014519452512881483,Small Molecules & Heterocycles
SOM3,10,180.0,35.0,179.39662170410156,34.91542434692383,0.9999033114346821,0.2758257848621123,0.00038545564824335796,Small Molecules & Heterocycles
