epoch,train_total,train_kb,train_ka,val_total,val_kb,val_ka,lr,time_s
1,0.31293917086816603,0.18281889730884182,0.06174890060097941,0.2763107344508171,0.16068575531244278,0.05189956072717905,0.0001497000849026453,2.64
2,0.3027870626218857,0.18035735910938633,0.058332706711465315,0.26454008743166924,0.15126905962824821,0.048848812468349934,0.0001488027543505979,2.7
3,0.2976832524422676,0.17767177089568106,0.05553270732202838,0.2830459773540497,0.17281890660524368,0.046697464771568775,0.00014731523312184105,2.44
4,0.29511597752571106,0.17589988847894053,0.05574842193914998,0.27634021267294884,0.16725650802254677,0.04473880399018526,0.0001452494978626604,3.05
5,0.2857611318749766,0.17181503940974513,0.053913099631186456,0.2640708237886429,0.15660149976611137,0.04168656188994646,0.0001426221806587302,2.62
6,0.2839225496976606,0.17125158829073753,0.05210452586893113,0.25064830482006073,0.1499219834804535,0.03789343172684312,0.000139454435123339,2.35
7,0.28544948754772065,0.17356413819136157,0.05214132981434945,0.26312248781323433,0.15477290749549866,0.043760632164776325,0.00013577176608093358,2.15
8,0.2810279909641512,0.17045319561035402,0.052142266905115496,0.2554241977632046,0.1534456703811884,0.03850084776058793,0.00013160382421726903,2.13
9,0.275618179671226,0.1680747991608035,0.050630863155088114,0.2756987288594246,0.1627606302499771,0.04804697446525097,0.00012698416734952144,2.53
10,0.27719830793719136,0.16914012595530478,0.05023547958943152,0.2808251306414604,0.16573861427605152,0.048533499240875244,0.00012194999023847567,2.18
11,0.2720619978443269,0.16516774628431566,0.04986029190401877,0.2503519505262375,0.14443286880850792,0.04220729414373636,0.00011654182511818166,2.02
12,0.27222798139818255,0.1682969879719519,0.04948715553168328,0.27338075637817383,0.16377853229641914,0.044237952679395676,0.00011080321535423842,2.44
13,0.26948194157692695,0.16594887092228858,0.04874560260964978,0.2538987025618553,0.1463153176009655,0.0424891603179276,0.00010478036485821732,2.38
14,0.26209637186219614,0.16024731436083395,0.04781429457568353,0.2621629163622856,0.15871543064713478,0.04004580806940794,9.85217660809336e-05,2.13
15,0.26538687704070923,0.1642666669382203,0.04672922157952862,0.25910502299666405,0.1497084517031908,0.043635491747409105,9.207780957974543e-05,2.06
16,0.2593832871606273,0.16273459071113217,0.04521802920968302,0.2544824481010437,0.1448739618062973,0.04362205741927028,8.550037830341535e-05,1.97
17,0.25891020990187125,0.1634490650988394,0.045082305407812516,0.24760587513446808,0.14267337694764137,0.04104108735918999,7.884242986111338e-05,2.25
18,0.2601264945922359,0.1615158329086919,0.04618999584307594,0.2805572748184204,0.1748008355498314,0.040895912796258926,7.215757013888666e-05,2.2
19,0.25591251206013466,0.1614008788620272,0.04410087749842675,0.2645469270646572,0.1576031781733036,0.04038890264928341,6.549962169658468e-05,2.14
20,0.2540123015642166,0.15862944650073205,0.0448048394774237,0.26656782627105713,0.15531926229596138,0.04518776247277856,5.8922190420254586e-05,2.08
21,0.25492880998119233,0.15934351230821303,0.0452981487277054,0.2537969537079334,0.14739123731851578,0.041087215300649405,5.2478233919066423e-05,2.25
22,0.2511352853428933,0.15630133498099544,0.04444615290530266,0.2624911963939667,0.15321545489132404,0.04348403122276068,4.6219635141782713e-05,2.2
23,0.25312042909283794,0.15753794245181546,0.04438663153879104,0.26296427100896835,0.15493857860565186,0.04216206772252917,4.0196784645761606e-05,2.04
24,0.25043921989779316,0.15568415724462079,0.044294554980531815,0.26627516746520996,0.15791518427431583,0.0428902842104435,3.445817488181837e-05,2.44
25,0.24338503133866093,0.15522726264692122,0.041704049093588706,0.2656619921326637,0.15560512244701385,0.04402094520628452,2.905000976152436e-05,2.05
26,0.24479522820441954,0.1531831413026779,0.04367371330097798,0.2558974474668503,0.14956334605813026,0.04082606500014663,2.4015832650478595e-05,2.18
27,0.24215716460058767,0.15463141976825653,0.04123496216151022,0.2643185518682003,0.15539046376943588,0.04287236509844661,1.9396175782730994e-05,1.98
28,0.24932972029332193,0.15672935737717536,0.043180919642890656,0.2623281553387642,0.15118958055973053,0.04446278279647231,1.5228233919066424e-05,1.97
29,0.2408169512787173,0.15158326779642411,0.0427731622851664,0.25740644708275795,0.14857118390500546,0.042265020310878754,1.1545564876660977e-05,1.99
30,0.24842982859380783,0.1544858142733574,0.045186098124231064,0.2615394927561283,0.15096307918429375,0.043466624803841114,8.377819341269783e-06,1.95
31,0.23964733990930742,0.15003904483972058,0.04311876167212763,0.2604789212346077,0.15085530281066895,0.04249063041061163,5.750502137339579e-06,2.18
32,0.2442834622436954,0.15408661288599815,0.04291429430727036,0.2623573876917362,0.1523263417184353,0.04298070166260004,3.684766878158934e-06,2.02
33,0.24079541140987026,0.15339128240462271,0.04054637475600166,0.2605748325586319,0.1513383351266384,0.042196592316031456,2.1972456494020897e-06,1.98
34,0.23810619260034255,0.1508951711077844,0.0415525620262469,0.2606746628880501,0.15151237323880196,0.04225835204124451,1.2999150973546894e-06,2.0
35,0.23962553470365464,0.15029895233531151,0.04216011042796796,0.26028842478990555,0.15105844289064407,0.04229540517553687,1e-06,2.32
