epoch,train_total,train_kb,train_ka,train_r0,val_total,val_kb,val_ka,val_r0,lr,time_s
1,3.4844281058157645,2.039729566343369,1.1277150415605115,0.010988420866910488,1.2297493517398834,0.4918896406888962,0.5936670899391174,0.007334616966545582,0.0002999487700838458,2.03
2,1.5019607659309142,0.8370504340817851,0.47658799540612007,0.007662627906087906,1.03035207092762,0.6570234447717667,0.23211438581347466,0.003952276660129428,0.0002997951154458088,1.76
3,1.1913540670948644,0.7057727171528724,0.3211871284630991,0.00580851239482722,0.884459912776947,0.5515403971076012,0.195312038064003,0.004000097163952887,0.00029953914139310266,1.77
4,1.095589412796882,0.6526986399004536,0.30199706890890676,0.005524307219011169,0.6437056362628937,0.3685505762696266,0.18422424793243408,0.004052878124639392,0.00029918102335755686,1.83
5,1.0016406447656694,0.6017571937653327,0.2763317140840715,0.004699952284535093,0.7599038034677505,0.5113563388586044,0.16911250725388527,0.0035650182981044054,0.00029872100677538467,2.12
6,0.9355525624367499,0.5570671202674988,0.25910947832369036,0.004559687233620113,0.6360346972942352,0.3965400457382202,0.16127375327050686,0.003492519201245159,0.0002981594069189731,1.81
7,0.8472815021391837,0.5076008592882464,0.2289668643666852,0.004238933948199114,0.6326137334108353,0.42489043623209,0.13535884022712708,0.0034791880170814693,0.0002974966086808112,1.88
8,0.8049297986492034,0.4729994006695286,0.2236581084228331,0.0042084770787867804,0.5557891875505447,0.3265473246574402,0.1588497869670391,0.003220207057893276,0.0002967330663097039,2.23
9,0.8059658350483063,0.4678641740352877,0.2353438614837585,0.004169556222135021,0.7095211446285248,0.47764894366264343,0.16549544781446457,0.003389278193935752,0.0002958693030994526,2.12
10,0.7534953432698404,0.4485143298102963,0.205063781911327,0.004049103113732511,0.5648825392127037,0.3800250142812729,0.12092834152281284,0.003209998656529933,0.0002949059110302156,1.88
11,0.7097192848882368,0.4128060696586486,0.20210002074318548,0.003886360765224503,0.6203525960445404,0.41656551510095596,0.14009612426161766,0.003614820190705359,0.0002938435503627948,1.87
12,0.6748006170795809,0.3974134479799578,0.1867788597460716,0.003942017030391482,0.5118806883692741,0.31715723872184753,0.12948336079716682,0.0033466920722275972,0.00029268294918612537,1.8
13,0.6363710097728237,0.3700937167290718,0.1773965486115025,0.003772467840462923,0.4791994020342827,0.3135138899087906,0.10570593550801277,0.0030656978487968445,0.0002914249029182806,1.84
14,0.5969954613716372,0.3430438147437188,0.16921516483829868,0.003616630310012448,0.4928322732448578,0.2907335087656975,0.14297978952527046,0.0034755965461954474,0.00029007027376133155,1.75
15,0.598620411849791,0.348780783434068,0.16549281703848992,0.0036002531602618193,0.44660692662000656,0.2726626358926296,0.11747972667217255,0.0033393322373740375,0.00028861999011043726,1.73
16,0.570122076619056,0.3325503973230239,0.1570873717146535,0.003744403381020792,0.4437492713332176,0.2678166963160038,0.11716668494045734,0.003207453992217779,0.0002870750459175687,1.76
17,0.5601815014116226,0.32268558875206976,0.15843053546644026,0.0035082491550354226,0.42669468373060226,0.24660776928067207,0.12286407686769962,0.003135463339276612,0.00028543650001030407,1.77
18,0.5431546780370897,0.30988061860684424,0.15349426240690292,0.0035369682328535183,0.3791532516479492,0.21283328905701637,0.11044017411768436,0.0029653951060026884,0.0002837054753661609,1.98
19,0.5400366860051309,0.3083202483192567,0.1535823967668318,0.003356183811481441,0.37694311887025833,0.2212357297539711,0.09848171845078468,0.0031481894257012755,0.00028188315834296377,1.99
20,0.514370063620229,0.28983070533121785,0.14958944580247324,0.0034660390247741053,0.4146121144294739,0.24420201778411865,0.11440719105303288,0.003174263023538515,0.00027997079786577355,1.93
21,0.5136508441740467,0.2956817150115967,0.1434179986676862,0.003317822905017003,0.3733999729156494,0.20878750085830688,0.10818208940327168,0.0029246322228573263,0.00027796970457093673,1.8
22,0.49570384140937557,0.2851207463010665,0.13819119310186756,0.003348775455848344,0.3833877891302109,0.21728822588920593,0.11106828227639198,0.0029534001951105893,0.00027588124990784085,1.72
23,0.49056791778533687,0.274711339704452,0.14324002736999142,0.0031819920611357495,0.352825827896595,0.20896802097558975,0.09082910977303982,0.00293591566151008,0.0002737068651989913,1.85
24,0.4781701680152647,0.2658368012597484,0.1397587399809591,0.0033339289347490957,0.3903515562415123,0.2323087379336357,0.105551203712821,0.0029301406466402113,0.0002714480406590546,1.98
25,0.4583644107464821,0.2575136408690483,0.13325561366734967,0.003200780401276725,0.34058454632759094,0.19606048613786697,0.09126700647175312,0.002962682250654325,0.0002691063243735396,1.78
26,0.4534513460051629,0.25153350157122456,0.13264490303493315,0.003192034309669848,0.339835949242115,0.198213879019022,0.08938966691493988,0.0031570083228871226,0.0002666833212378171,1.83
27,0.44628068997013953,0.24963054060935974,0.12971554600423382,0.0031048789950868776,0.32992859929800034,0.18660027906298637,0.09039371088147163,0.002864225156372413,0.0002641806918572046,1.95
28,0.45405011696200215,0.25528177330570834,0.131114348048164,0.0031310214938956404,0.42586032301187515,0.2745529040694237,0.10057582147419453,0.002873526857001707,0.0002616001514088704,1.78
29,0.43484985539990084,0.2439835076370547,0.12609559610005347,0.0030599561136876864,0.34098687022924423,0.19560924172401428,0.09402676299214363,0.0029123675485607237,0.00025894346846633693,1.82
30,0.4329355897441987,0.23900503545038163,0.12852847455970703,0.0031654986462766126,0.34476277977228165,0.1978110559284687,0.09583285264670849,0.0029561278934124857,0.00025621246378738883,2.1
31,0.42372990615906253,0.2350961782278553,0.12411766307007882,0.003104176507481644,0.3228354752063751,0.17953963577747345,0.08979733474552631,0.0029628566408064216,0.00025340900906621616,1.88
32,0.41992459133748083,0.22847461412029882,0.1259008134084363,0.0030352261157766463,0.32263563573360443,0.18014290556311607,0.09029482677578926,0.002930206770543009,0.0002505350256506493,1.89
33,0.40528746381882697,0.22388593708315202,0.11861388914046748,0.002971084623207008,0.32048360258340836,0.1769087202847004,0.09260565415024757,0.0028054913855157793,0.00024759248322536243,1.9
34,0.3983293810198384,0.21828704639788596,0.11891581742994246,0.0029646631653210327,0.33608976751565933,0.18266979232430458,0.1012610662728548,0.0029381472850218415,0.00024458339846195065,1.99
35,0.3973341685148977,0.21708114301004716,0.1170973044730002,0.0029453103648378483,0.34679169207811356,0.19481877610087395,0.0995645672082901,0.0028041446348652244,0.00024150983363680368,1.92
36,0.39449646299885166,0.21665365705567022,0.11739600834346586,0.0029322663134324456,0.32132868841290474,0.18017586693167686,0.08820693753659725,0.002959862700663507,0.0002383738952177247,2.06
37,0.4022524577956046,0.21977078001345357,0.12044761858640178,0.0029880838889268136,0.32041310891509056,0.17293264716863632,0.09501955285668373,0.0027746701380237937,0.00023517773242026245,1.87
38,0.38487077816840143,0.2123209512041461,0.11412238353683103,0.0029135773581783135,0.3332715108990669,0.1899544931948185,0.09053328074514866,0.0027733911119867116,0.0002319235357347465,2.12
39,0.376867248165992,0.20505855208443058,0.11265653323742651,0.002923611634140534,0.31709713861346245,0.173905773088336,0.09118487872183323,0.0027788171428255737,0.0002286135354250343,1.95
40,0.3836821029263158,0.21261539141977986,0.11166348416478403,0.002893960385042573,0.36699389666318893,0.2176060639321804,0.09466826543211937,0.0027885465533472598,0.00022524999999999995,1.84
41,0.3737351120479645,0.20485102601589694,0.11105178536907319,0.0028891831170767546,0.33071280270814896,0.193908903747797,0.08537760190665722,0.002780298003926873,0.00022183523465881143,1.82
42,0.3636250096944071,0.20147215695150436,0.10686534066354075,0.0029720226340296287,0.315133411437273,0.16926400735974312,0.09398116543889046,0.0027632530545815825,0.0002183715797110622,2.12
43,0.36160215062479817,0.1950749740485222,0.11045093954570832,0.002883998842369164,0.32682088762521744,0.1768354084342718,0.09750599414110184,0.0026143097784370184,0.0002148614089728401,2.17
44,0.3571134123110002,0.1939581060601819,0.10680913660795457,0.0029229871598222563,0.3115818463265896,0.17032760009169579,0.09173508174717426,0.0027549054357223213,0.00021130712813983212,1.92
45,0.3486977796400747,0.1927368439012958,0.10139023584704246,0.0028841038189467883,0.30875546485185623,0.1550980694591999,0.10123942978680134,0.002769534185063094,0.00020771117313858088,1.93
46,0.3524510951772813,0.1905543241770037,0.10768956763129081,0.0028126230012745627,0.30202095955610275,0.16532501578330994,0.08632540516555309,0.002716999006224796,0.00020407600845702238,2.12
47,0.3468180221896018,0.19032776572050586,0.10224679484963417,0.0028705124578048144,0.31667037308216095,0.16919046267867088,0.09602020680904388,0.0027075550169683993,0.0002004041254554487,2.16
48,0.34129028839449727,0.18701293728043955,0.10130198516191975,0.0028699449781749036,0.30910108610987663,0.1694204155355692,0.08808589726686478,0.002835557737853378,0.0001966980406590546,1.96
49,0.341327921036751,0.18649943821853207,0.10225474521998436,0.002784085313549205,0.3151508495211601,0.17650094255805016,0.0880466178059578,0.002706809202209115,0.00019296029403323642,1.9
50,0.34059129607292915,0.18854211607287008,0.09956446794732925,0.002831001980079999,0.3031361699104309,0.16281797364354134,0.08876712806522846,0.002805261727189645,0.0001891934472428268,2.03
51,0.33667753588768745,0.18447688558409292,0.09969479218125343,0.0028367926096243244,0.32353170216083527,0.18462201952934265,0.0859359297901392,0.0027700533682946116,0.00018540008189645783,1.93
52,0.33399302824851007,0.18335004679618344,0.09913063157469995,0.00274955139931051,0.30151138827204704,0.1659560576081276,0.0847205650061369,0.0026865891995839775,0.00018158279777725494,2.26
53,0.3353515714406967,0.18463202830283873,0.09893760782095694,0.002834286604587349,0.3149799704551697,0.17825383506715298,0.08515294641256332,0.002645281027071178,0.000177744211061076,2.36
54,0.3300429606629956,0.1800562152939458,0.09877639552277903,0.0029445449190755044,0.3005035035312176,0.16409037820994854,0.0845261700451374,0.002840285247657448,0.00017388695252351446,2.06
55,0.3294581895874393,0.17920974041185073,0.09928926164584775,0.0027906362365390505,0.2900191694498062,0.15538433752954006,0.08287988603115082,0.0026635609974619,0.00017001366573689766,2.18
56,0.3252906025417389,0.17946285490066774,0.09596145129011523,0.0027825403169939116,0.31230515241622925,0.1720054317265749,0.08859984390437603,0.0027367979055270553,0.00016612700525851415,2.47
57,0.32199257660296654,0.1782929906922002,0.09459303427607782,0.002763513329198524,0.2939358130097389,0.15665150433778763,0.0849777851253748,0.0026317758311051875,0.0001622296348113128,2.23
58,0.3207476619751223,0.17758045129237637,0.09402556981771223,0.0027709175727420278,0.2976856008172035,0.15674098581075668,0.08883489482104778,0.0027060372522100806,0.00015832422545832003,2.14
59,0.31967259799280473,0.17926368501878553,0.09275619409257366,0.0027448933181022446,0.32388678193092346,0.18250061571598053,0.08823120407760143,0.002786242519505322,0.00015441345377202698,2.01
60,0.31706214047247366,0.1734940255841901,0.09317368064676562,0.00278338955550064,0.30828187242150307,0.1657651849091053,0.0910662692040205,0.00262725428910926,0.0001505,2.21
61,0.3183273096238413,0.17512223460981924,0.0953123382022304,0.0027427794975078395,0.31381602585315704,0.16496096923947334,0.09532280266284943,0.0027874643565155566,0.00014658654622797296,2.03
62,0.3129566489688812,0.17333246094565238,0.09212581741233025,0.0026899776158614023,0.2920478358864784,0.1516550537198782,0.08641468174755573,0.0027545618650037795,0.0001426757745416799,1.96
63,0.31199220640044056,0.17055625059912283,0.09336882060573946,0.002743492293502054,0.2945999465882778,0.15657656267285347,0.086547976359725,0.002741138800047338,0.00013877036518868718,2.18
64,0.30717662842042986,0.16910820911007543,0.09082185681308469,0.0027179264711336263,0.30647970736026764,0.16412689350545406,0.09035168401896954,0.002741092990618199,0.00013487299474148582,1.98
65,0.3085009032680142,0.1711318689969278,0.08988107224145243,0.0026780569985989603,0.3017777092754841,0.16201378963887691,0.08838994055986404,0.0026472474564798176,0.00013098633426310231,1.85
66,0.3082056439691974,0.17069552838802338,0.09109907284859688,0.0028340208171416196,0.2987394891679287,0.15488174557685852,0.09170470014214516,0.0027885061281267554,0.00012711304747648549,1.84
67,0.3047022891621436,0.16905491054058075,0.0903361841074882,0.0026584916237381196,0.2931552939116955,0.15234015136957169,0.0882574450224638,0.002717445488087833,0.00012325578893892397,2.16
68,0.30521053748746074,0.16968544981172007,0.09002566529858497,0.0027815951597726634,0.30848758667707443,0.16890940628945827,0.08444475568830967,0.0026771176781039685,0.00011941720222274495,2.54
69,0.30019759074334174,0.16633305890906241,0.08860987953601344,0.002680246038512597,0.31018292903900146,0.16352694854140282,0.09283614903688431,0.0026491337339393795,0.00011559991810354213,2.1
70,0.299348977304274,0.16628839099599468,0.08861216337930772,0.002635431922821989,0.29601095244288445,0.15817440301179886,0.08564204722642899,0.00275807423167862,0.00011180655275717314,2.17
71,0.29236158199848666,0.1618846885619625,0.08655017217801463,0.002624783525994468,0.30968666076660156,0.16720465570688248,0.08990402147173882,0.0027524833276402205,0.00010803970596676354,2.25
72,0.2942694829356286,0.16411464252779562,0.08556066032859587,0.002701044627164881,0.3115304000675678,0.16860364004969597,0.09042514488101006,0.0026610834756866097,0.00010430195934094535,2.0
73,0.2927108488736614,0.16287190154675515,0.08638342133452816,0.002625151131782801,0.3068545013666153,0.16317079402506351,0.09151558205485344,0.0027062094886787236,0.00010059587454455123,1.92
74,0.2938992169595534,0.1665006164581545,0.08495969325304031,0.002645164942218652,0.29586336389184,0.15523289889097214,0.08770859986543655,0.0027924617170356214,9.692399154297759e-05,2.07
75,0.29191106702050856,0.1622358219277474,0.08591525112428973,0.0026313437847420573,0.3053324893116951,0.16336402297019958,0.0904978271573782,0.002684321836568415,9.328882686141906e-05,2.33
76,0.28938842444650587,0.16275533096444222,0.08291873660299086,0.002684764868219293,0.30301685258746147,0.1587890349328518,0.09152478165924549,0.0027752885944209993,8.969287186016785e-05,2.2
77,0.29337608621966454,0.16391587762102003,0.08600159049514801,0.0026517741742634006,0.30203355476260185,0.1598757691681385,0.09022246487438679,0.0026856795593630522,8.613859102715989e-05,1.97
78,0.2895797587210132,0.16477892619948234,0.08181692227240532,0.002662821962017446,0.3073764443397522,0.16291951201856136,0.09199326112866402,0.002701611374504864,8.262842028893774e-05,2.54
79,0.28667758357140327,0.16267409488078086,0.08211975724947068,0.0026533918590435097,0.304930217564106,0.16480382531881332,0.08724756725132465,0.0026901965029537678,7.916476534118851e-05,2.62
80,0.2822061849217261,0.15970207702729008,0.08064096781515306,0.0026997149388696398,0.3136002719402313,0.16722108609974384,0.0916803888976574,0.002694610506296158,7.575000000000001e-05,2.22
81,0.2860796312170644,0.15985162844580988,0.08364085684860906,0.0026371672772051344,0.30972856655716896,0.16595999151468277,0.0896189771592617,0.002703358477447182,7.238646457496564e-05,2.05
82,0.28552886170725666,0.16012425095804275,0.08356852444910234,0.002572835224019664,0.3104577176272869,0.1665735710412264,0.0905383862555027,0.0026681922026909888,6.907646426525348e-05,1.82
83,0.27954827585527975,0.1589144364960732,0.07965530527214851,0.002655786300648845,0.2941933013498783,0.15128587745130062,0.08869999274611473,0.002672329603228718,6.582226757973744e-05,1.86
84,0.2789538661318441,0.1585257603756843,0.07977130396231528,0.0026443457951949487,0.29789622500538826,0.14964844286441803,0.09544738009572029,0.002677649725228548,6.262610478227527e-05,2.2
85,0.28023542896393805,0.15825457438345877,0.0809197660175062,0.00257267716581062,0.29818961024284363,0.15646027401089668,0.08867944777011871,0.002618725848151371,5.949016636319625e-05,2.38
86,0.2790579021938385,0.15673032451060512,0.0804466143731148,0.002501053544091842,0.3220641501247883,0.180112536996603,0.0883141215890646,0.0026866912376135588,5.6416601538049315e-05,2.28
87,0.27895384353976094,0.15738978068674764,0.08030288810691526,0.0026335538282329517,0.30577779561281204,0.1572166197001934,0.09439152479171753,0.002705542545299977,5.3407516774637546e-05,2.31
88,0.2806494135049082,0.15768857083974347,0.0825153810362662,0.0025943549004413427,0.30120425298810005,0.15483799949288368,0.09178461879491806,0.0027364431298337877,5.046497434935073e-05,2.08
89,0.27216194521996284,0.1547538404983859,0.07799043061752473,0.0026309467822072967,0.3131442368030548,0.16621452942490578,0.09276110120117664,0.0027149255911353976,4.759099093378374e-05,2.15
90,0.2720096279536524,0.15568228186138214,0.07729905122710813,0.002578760561112675,0.29672546312212944,0.15076958760619164,0.09175555594265461,0.002707343373913318,4.478753621261114e-05,2.14
91,0.26962673856366065,0.15212967631316954,0.07750884431504435,0.0026638155818105706,0.3014625571668148,0.15494521334767342,0.09315834008157253,0.0027548726939130574,4.205653153366299e-05,2.4
92,0.2755076010381022,0.1564563190744769,0.07846551580775168,0.0026146981699932967,0.3044368550181389,0.15987631306052208,0.09103400073945522,0.0026967651792801917,3.939984859112957e-05,2.44
93,0.2725205801187023,0.15509956209890305,0.07797991147925777,0.002592998087376116,0.31312236562371254,0.16626330837607384,0.09237000346183777,0.0027047905314248055,3.6819308142795366e-05,2.24
94,0.27418368045360814,0.15542535219461687,0.0793106512677285,0.0025533137377351522,0.3123217932879925,0.16737190820276737,0.0907474122941494,0.0027044149464927614,3.431667876218284e-05,2.65
95,0.2763776322526316,0.15756516326819697,0.07924161358706412,0.002550498357102756,0.30935558676719666,0.1640052143484354,0.0919196717441082,0.0026718390290625393,3.189367562646032e-05,2.23
96,0.2792869955301285,0.15668904420829588,0.08137537478919953,0.0025903721895789906,0.302080724388361,0.15550681576132774,0.09208586253225803,0.00271797354798764,2.9551959340945366e-05,2.13
97,0.27312396947414647,0.15501882207970466,0.0788312892038976,0.0025070222064612372,0.31174420565366745,0.1643439382314682,0.09382598288357258,0.002685240877326578,2.729313480100868e-05,2.18
98,0.27569490142406955,0.15500131153291272,0.08058131426092117,0.002641516538607257,0.30236921086907387,0.15761051513254642,0.0917552225291729,0.0026960342656821012,2.5118750092159117e-05,2.03
99,0.27636617950854764,0.15522238299731286,0.0811301574351326,0.002622298231618779,0.302218958735466,0.15520209819078445,0.09326600655913353,0.0026913565525319427,2.3030295429063216e-05,1.93
100,0.26758623844192875,0.15466199647034368,0.07534120075644986,0.0026066819461242805,0.30233968794345856,0.1565695945173502,0.09171058237552643,0.002682064688997343,2.102920213422641e-05,1.9
101,0.2673285276659073,0.1548226449278093,0.0746266897166929,0.0025957518993245977,0.3043827712535858,0.15931100398302078,0.0910683423280716,0.002670710178790614,1.911684165703619e-05,2.28
102,0.2687839966627859,0.1537185515607557,0.07667414711848382,0.0025496959964173937,0.3038353696465492,0.15750383585691452,0.0921891313046217,0.002659237739862874,1.7294524633839018e-05,1.97
103,0.2663116402203037,0.15115152035028703,0.07708242307266881,0.002580701287144855,0.31187159940600395,0.16762381419539452,0.09013339877128601,0.0026714305859059095,1.556349998969587e-05,1.99
104,0.2664668146641024,0.15130257798779395,0.07739557277771734,0.0025214465793162106,0.3026632070541382,0.15661659836769104,0.09147029928863049,0.002662767277797684,1.3924954082431155e-05,1.9
105,0.2675542720863896,0.15184009964427642,0.0769369161177066,0.002616119161698847,0.30346791818737984,0.15617629885673523,0.0924813523888588,0.0026548793830443174,1.2380009889562634e-05,1.84
106,0.26537556657868044,0.14828076093427597,0.07804835888166581,0.002510479955573476,0.3045308515429497,0.1591990552842617,0.09098820388317108,0.002669049397809431,1.092972623866834e-05,1.87
107,0.26368115842342377,0.1505782339842089,0.07553360563132071,0.0025330749490568715,0.3027052953839302,0.15648328140377998,0.0919268298894167,0.0026756661536637694,9.575097081719343e-06,2.1
108,0.2647843163821005,0.15251641672465108,0.07486137507423278,0.0025584492081355665,0.30469459295272827,0.15798524394631386,0.09207791462540627,0.0026636261318344623,8.317050813874549e-06,2.16
109,0.2739328049844311,0.15629167061659596,0.07883742908316274,0.0024900177658926095,0.30452606827020645,0.15702759101986885,0.09278146550059319,0.002670962567208335,7.156449637205156e-06,2.37
110,0.26572166527471236,0.153658083369655,0.0741159921932605,0.002554174760476716,0.308397501707077,0.16171713918447495,0.09216773696243763,0.0026849107234738767,6.094088969784287e-06,2.15
111,0.26658669835136783,0.15228050802984544,0.07587288993020211,0.0026190648711616952,0.30682074278593063,0.15972965024411678,0.09235609881579876,0.002670842834049836,5.130696900547355e-06,2.37
112,0.26308792733377023,0.15197146924272661,0.07309271419240583,0.002564357608676918,0.3041221536695957,0.15706290304660797,0.09231090918183327,0.0026673718239180744,4.26693369029605e-06,2.3
113,0.2583098531730713,0.14676364895797545,0.07494063230772172,0.002564937713736248,0.30509160459041595,0.15815740637481213,0.09207828529179096,0.002678431279491633,3.5033913191888017e-06,2.12
114,0.2672908681054269,0.1518935895254535,0.07783918491294307,0.002629516792723969,0.3023981414735317,0.15584002807736397,0.091770488768816,0.0026778395113069564,2.8405930810269206e-06,2.36
115,0.2593827026505624,0.14766162177247386,0.07509342929528605,0.0025279271611643415,0.30413779243826866,0.15741338580846786,0.09194362908601761,0.0026909466250799596,2.2789932246153484e-06,1.98
116,0.2669211741416685,0.15347183207350393,0.07597397640347481,0.0025597440807389156,0.3026944175362587,0.1555514559149742,0.09233859740197659,0.002692809415748343,1.818976642443127e-06,1.93
117,0.2585656811152735,0.14765322472779982,0.07439504744064424,0.0025552565292004618,0.3036593645811081,0.15662202797830105,0.09227429330348969,0.0026891128218267113,1.4608586068973696e-06,2.22
118,0.26600813529183787,0.15126033824297688,0.07720047776256839,0.002575877235240994,0.3044419549405575,0.15724940411746502,0.0924326702952385,0.0026841939834412187,1.204884554191212e-06,2.07
119,0.2604960159909341,0.15012388484131906,0.07297609782507343,0.0026004269471271864,0.30527621880173683,0.1579132042825222,0.09255961887538433,0.00268277944996953,1.0512299161541895e-06,2.07
120,0.267017656276303,0.15165600877615712,0.07688050056176801,0.002605333041790272,0.30491433292627335,0.15740518644452095,0.0926929172128439,0.002684180886717513,1e-06,2.27
